,ACCOUNT_ID,ACCOUNT_ORACLE_ID,ACTIVITY_COUNT,ACTIVITY_MEMBER_COUNT,TOTAL_MEMBERS,ACTIVE_MEMBERS
0,0014u0000254RFDAA2,636739,9,1,,
1,0014u00001nyOo8AAE,554300,20,6,3.0,3.0
2,0014u00001x8lD8AAI,559309,11,2,2.0,1.0
3,0014u00001ukT1TAAU,554299,1,1,1.0,
4,0014u00001x8vIYAAY,564314,2,1,3.0,3.0
5,0010g00001j4SrQAAU,165010,14,1,1.0,1.0
6,0014u00001ow5DQAAY,547301,11,1,1.0,1.0
7,0014u00001owZksAAE,568726,2,1,1.0,
8,0010g00001Z4u9KAAR,522324,69,4,5.0,5.0
9,0010g00001j66JQAAY,187010,55,3,5.0,5.0
10,0014u00001ukVEmAAM,538536,1,1,2.0,1.0
11,0014u00001yJbUTAA0,569610,9,1,1.0,1.0
12,0014u00001x9h3kAAA,563309,11,2,2.0,2.0
13,0014u00001tEpa4AAC,545301,32,3,5.0,4.0
14,0014u00001x7rm7AAA,556314,4,2,3.0,3.0
15,0014u00001x7vRPAAY,547300,27,1,1.0,1.0
16,0014u00001ukXc7AAE,545298,2,1,2.0,2.0
17,0014u00001uizemAAA,570298,7,2,3.0,2.0
18,0014u00001x9W95AAE,562312,104,2,1.0,
19,0014u00001ukI0CAAU,532310,1,1,,
20,0014u00001tE4IuAAK,536300,21,3,3.0,1.0
21,0014u00001owUZyAAM,556319,6,1,2.0,2.0
22,0014u00001tCtAwAAK,524159,7,1,1.0,1.0
23,0014u00001ukGb3AAE,545303,46,3,3.0,1.0
24,0014u00001x9SdjAAE,581738,10,2,,
25,0014u00001nzKEtAAM,359010,2,1,1.0,
26,0014u00001tE4PbAAK,519235,2,1,1.0,1.0
27,0010g00001dpCxRAAU,8964,15,3,2.0,
28,0010g00001fs9XdAAI,167010,19,2,2.0,1.0
29,0014u00001mrGtaAAE,203016,3,1,,
30,0010g00001mqoHSAAY,225010,115,8,14.0,11.0
31,0010g00001gBsk9AAC,9017,1,1,,
32,0010g00001aCIWtAAO,8862,6,1,2.0,1.0
33,0010g00001YICUrAAP,8714,58,3,4.0,4.0
34,0010g00001j4icTAAQ,9078,19,4,2.0,1.0
35,0010g00001YID8hAAH,8819,1,1,2.0,1.0
36,0010g00001Z5LfbAAF,8767,1,1,1.0,1.0
37,0010g00001bxLXcAAM,8901,5,2,3.0,1.0
38,0014u00001tEnjiAAC,520053,15,2,1.0,
39,0014u00001nz2NkAAI,383010,22,2,4.0,1.0
40,0010g00001Z5LeMAAV,520263,83,3,3.0,3.0
41,0017000001XRGFRAA5,8684,1,1,,
42,0010g00001dlnb3AAA,8893,20,3,1.0,1.0
43,0010g00001Z5Ld2AAF,416191,25,2,1.0,1.0
44,0010g00001Z5M6DAAV,8965,42,6,10.0,6.0
45,0010g00001aCKgkAAG,8780,3,2,,
46,0010g00001mqFcQAAU,562310,1,1,,
47,0014u00001oxRV9AAM,332010,19,1,3.0,2.0
48,0014u00001owmC0AAI,348010,150,4,4.0,2.0
49,0014u00001ow5AWAAY,529448,6,3,5.0,4.0
50,0014u00001ow59EAAQ,520550,57,5,4.0,4.0
51,0014u00001nzI2FAAU,388010,121,9,12.0,9.0
52,0010g00001Z5M6PAAV,298010,5,2,4.0,2.0
53,0010g00001Z5LdAAAV,339010,39,6,7.0,4.0
54,0010g00001c0DpQAAU,8889,44,7,8.0,6.0
55,0010g00001dpON4AAM,8973,23,3,4.0,3.0
56,0017000000SbV9FAAV,5147,142,3,2.0,2.0
57,0010g00001ZZMKlAAP,9063,231,3,2.0,2.0
58,0010g00001hn5XTAAY,9025,13,2,9.0,1.0
59,0010g00001j5zTYAAY,9103,130,4,4.0,3.0
60,0010g00001YJIsxAAH,8898,137,5,6.0,3.0
61,0010g00001mq5XEAAY,150011,2,1,2.0,
62,0010g00001lRzTbAAK,203013,63,2,3.0,3.0
63,0010g00001YJXCdAAP,156010,1,1,,
64,0010g00001YIVijAAH,8695,73,2,2.0,1.0
65,0010g00001gLxRdAAK,569825,1,1,1.0,
66,0010g00001j56VVAAY,9085,43,4,5.0,4.0
67,0010g00001Z5MALAA3,519505,82,1,2.0,1.0
68,0010g00001ZYLNgAAP,8801,31,3,2.0,2.0
69,0010g00001hnkiSAAQ,9041,8,3,1.0,
70,0010g00001bxwIgAAI,8837,4,2,2.0,1.0
71,0010g00001YI94SAAT,230010,7,4,7.0,7.0
72,0010g00001byOF3AAM,8859,19,2,3.0,2.0
73,0010g00001YHztsAAD,8671,1,1,1.0,1.0
74,0010g00001YIZiEAAX,8678,9,3,1.0,1.0
75,0010g00001gCXWNAA4,9064,1,1,2.0,2.0
76,0017000000Ye7K7AAJ,7450,801,10,11.0,9.0
77,0010g00001Z5LeUAAV,9082,119,1,3.0,3.0
78,0010g00001fs0CYAAY,127014,2,1,1.0,
79,0010g00001Z5Ld6AAF,187011,14,1,3.0,3.0
80,0010g00001fsKZHAA2,382010,1,1,,
81,0014u0000200nn6AAA,579104,5,1,1.0,1.0
82,0014u00001tEmyTAAS,536299,7,1,1.0,1.0
83,0014u00001tE9dOAAS,519513,17,1,1.0,1.0
84,0014u00001x7xWjAAI,557309,24,5,9.0,7.0
85,0014u00001ukekAAAQ,545297,72,2,3.0,2.0
86,0014u00001oyQWZAA2,561309,3,1,1.0,
87,0014u00001ukqwcAAA,555314,4,1,2.0,2.0
88,0014u000021m2TJAAY,588318,1,1,,
89,0014u00001x9TuqAAE,584662,1,1,1.0,1.0
90,0014u00001x7t6iAAA,559308,42,1,1.0,1.0
91,0014u00001x9YJzAAM,565356,3,1,1.0,1.0
92,0014u00001ukmPFAAY,566600,9,2,2.0,
93,0014u00001tE6dGAAS,536298,2,1,,
94,0014u00001yJHlcAAG,570161,52,3,5.0,5.0
95,0014u00001oxcP8AAI,540298,13,2,1.0,
96,0014u00001tFOLgAAO,538645,21,5,6.0,4.0
97,0014u00001nyk0ZAAQ,540300,9,1,1.0,
98,0010g00001Z5AIpAAN,8820,3,1,2.0,2.0
99,0010g00001Z3ySwAAJ,8724,50,9,10.0,6.0
100,0014u00001tDsW1AAK,522120,21,1,1.0,1.0
101,0014u00001nzHstAAE,268010,3,1,1.0,1.0
102,0014u00001tEXcwAAG,526258,1,1,1.0,1.0
103,0010g00001dp6eZAAQ,8947,63,3,3.0,3.0
104,0010g00001dnpL2AAI,9051,21,4,5.0,5.0
105,0010g00001bzkE5AAI,9034,74,7,7.0,5.0
106,0014u00001mrEKuAAM,246010,30,7,14.0,11.0
107,0010g00001Z4ZGtAAN,8726,41,4,3.0,1.0
108,0010g00001Z2LFYAA3,8658,4,1,1.0,1.0
109,0010g00001lRnBpAAK,218012,14,2,3.0,2.0
110,0010g00001gCaXrAAK,9016,38,6,8.0,6.0
111,0014u00001tE5MZAA0,519091,1,1,,
112,0014u00001oyIbLAAU,424019,15,3,3.0,3.0
113,0010g00001Z5LfYAAV,8903,76,15,24.0,15.0
114,0017000001MBWgKAAX,8597,138,7,8.0,4.0
115,0014u00001ujAL9AAM,528548,11,2,2.0,1.0
116,0014u00001uizdtAAA,524552,9,1,1.0,1.0
117,0014u00001tEtZkAAK,522272,7,1,1.0,1.0
118,0014u00001tEqyUAAS,529433,27,4,17.0,14.0
119,0014u00001tEoLEAA0,524418,8,1,1.0,1.0
120,0014u00001tDzQnAAK,519737,52,1,1.0,1.0
121,0014u00001tDzc0AAC,519794,60,3,4.0,4.0
122,0014u00001oxuKmAAI,343010,77,6,7.0,5.0
123,0014u00001owDDCAA2,285010,217,1,1.0,1.0
124,0014u00001ow5mqAAA,520564,3,1,2.0,
125,0010g00001dp00cAAA,8948,1217,7,8.0,6.0
126,0010g00001Z5LenAAF,8873,34,8,14.0,7.0
127,0010g00001dm6PZAAY,411157,19,4,3.0,3.0
128,0010g00001bxhjPAAQ,52008,2,1,1.0,1.0
129,0010g00001hn47sAAA,9031,17,2,7.0,3.0
130,0010g00001gCKHmAAO,9027,8,3,8.0,5.0
131,0010g00001Z5Lf1AAF,482058,21,3,4.0,3.0
132,0010g00001j6VdrAAE,72005,11,1,1.0,1.0
133,0010g00001Z5M5hAAF,391011,17,4,7.0,5.0
134,0010g00001dp0hDAAQ,569513,3,1,1.0,
135,0010g00001dnno2AAA,77002,42,7,7.0,5.0
136,0010g00001Z5LcZAAV,8856,18,4,5.0,5.0
137,0014u00001nxy0XAAQ,551297,4,1,1.0,1.0
138,0014u00001mrlC0AAI,342010,43,4,6.0,5.0
139,0014u00001mriPSAAY,208010,49,4,2.0,2.0
140,0010g00001mqMZbAAM,521031,8,1,1.0,
141,0010g00001j4fNdAAI,9090,1,1,1.0,1.0
142,0010g00001j4lQfAAI,570155,11,2,2.0,1.0
143,0010g00001j4ujvAAA,530300,54,3,2.0,2.0
144,0010g00001Z5M6dAAF,411158,30,2,4.0,4.0
145,0010g00001Z5M6fAAF,526116,6,2,5.0,2.0
146,0010g00001Z5M8MAAV,9040,5,2,2.0,
147,0010g00001Z5M9mAAF,339011,80,4,6.0,2.0
148,0010g00001aEcT4AAK,8843,53,3,7.0,3.0
149,0010g00001YhGL5AAN,8705,18,1,1.0,
150,0010g00001Z4qQ4AAJ,8894,13,2,3.0,2.0
151,0010g00001dnCCYAA2,8876,3,1,1.0,1.0
152,0010g00001dmauSAAQ,9052,60,7,8.0,7.0
153,0010g00001dmeSsAAI,523051,2,2,,
154,0010g00001Z5LbcAAF,576668,24,3,5.0,5.0
155,0010g00001dnvqPAAQ,244010,4,1,2.0,
156,0010g00001Z5LbxAAF,8817,32,2,3.0,3.0
157,0010g00001dpRseAAE,8970,14,2,,
158,0010g00001dpXHCAA2,8969,1,1,1.0,
159,0010g00001donQKAAY,8990,57,1,1.0,1.0
160,0010g00001gLQ51AAG,8996,20,2,1.0,
161,0010g00001Z5LeBAAV,8884,5,2,3.0,2.0
162,0017000001OvVf7AAF,8405,14,3,2.0,2.0
163,0010g00001Z5LjHAAV,8860,197,5,6.0,4.0
164,0010g00001Z5LcpAAF,9075,2,1,2.0,2.0
165,0010g00001Z2ejlAAB,560308,40,3,5.0,4.0
166,0010g00001Z5LclAAF,8847,70,3,3.0,3.0
167,0017000001XQ7OYAA1,522380,1,1,,
168,0017000001RFC0zAAH,570198,12,1,1.0,
169,00170000015Ce3dAAC,7865,30,3,2.0,2.0
170,0010g00001byB9FAAU,8864,5,2,8.0,4.0
171,0014u00001mr8zqAAA,188015,8,3,3.0,3.0
172,0010g00001dp6mJAAQ,9001,8,2,2.0,2.0
173,0017000001RKvYpAAL,8827,1,1,3.0,3.0
174,0010g00001Z2Ih2AAF,8758,1561,5,6.0,4.0
175,0017000001Vr9npAAB,569007,2,1,1.0,1.0
176,0017000001VtpdVAAR,8799,2,1,1.0,1.0
177,0017000000rXQfpAAG,249010,2,1,1.0,
178,0014u00001tD6WRAA0,519233,4,1,1.0,1.0
179,0017000001MVTZhAAP,93001,17,1,3.0,
180,0014u00001uj6PnAAI,531299,3,1,,
181,0014u00001oxSykAAE,368010,3,2,2.0,
182,0010g00001Z5LlXAAV,522544,75,10,9.0,8.0
183,0017000001XQg0CAAT,8741,69,4,4.0,3.0
184,0017000001OwpEzAAJ,383011,19,2,2.0,2.0
185,0017000000pfRCaAAM,578855,12,3,4.0,4.0
186,0017000001XQ73kAAD,8723,8,2,2.0,
187,00170000011MmjRAAS,7799,208,9,16.0,14.0
188,0017000001QWbIYAA1,8425,2,1,1.0,1.0
189,0017000000pfR6wAAE,7207,40,3,1.0,
190,0017000000nyYM0AAM,7520,124,6,4.0,3.0
191,00170000011vNEtAAM,7830,9,3,1.0,
192,0017000000s6158AAA,7671,27,2,2.0,2.0
193,001700000135w4jAAA,7493,9,1,3.0,3.0
194,00170000016VJ3dAAG,8262,18,3,5.0,3.0
195,0017000001NVLegAAH,9046,9,4,6.0,4.0
196,0017000001V6ORuAAN,8589,32,4,5.0,3.0
197,0017000001XQxZtAAL,8721,111,5,10.0,4.0
198,0017000001Ow625AAB,8746,1,1,,
199,0010g00001Z5LjcAAF,554297,57,6,8.0,5.0
200,0017000000wnjIlAAI,7761,33,5,7.0,5.0
201,00170000011u5g8AAA,8240,10,1,,
202,0017000001NVXH2AAP,8400,2,1,,
203,0017000001MDb6IAAT,8320,117,11,26.0,17.0
204,0017000001SwacaAAB,8562,78,12,11.0,7.0
205,0017000000pfR9oAAE,7109,5,1,,
206,0010g00001Z5LgFAAV,9062,172,16,9.0,6.0
207,0017000000ym0OOAAY,7745,218,2,1.0,1.0
208,0017000000vmC5DAAU,7721,205,15,14.0,12.0
209,0017000001MVLuLAAX,8388,36,1,1.0,1.0
210,0017000001OXSydAAH,8694,2,2,1.0,
211,0017000000pfR8MAAU,7485,14,1,,
212,0017000000tCfWmAAK,7677,10,2,3.0,2.0
213,0017000001Kryp3AAB,8285,3,1,1.0,1.0
214,0017000001QXMlXAAX,8462,4,1,,
215,0017000000nyvFtAAI,8260,3,1,1.0,1.0
216,0010g00001Z5LheAAF,9057,45,6,3.0,2.0
217,0010g00001Z5Lk1AAF,394011,12,2,7.0,7.0
218,00170000013toYEAAY,8650,31,1,2.0,2.0
219,0017000001EotxKAAR,9028,1,1,,
220,0017000000wMq5lAAC,7723,104,13,15.0,10.0
221,0017000000yOUykAAG,7763,35,13,16.0,7.0
222,0017000000zewQoAAI,7759,1,1,3.0,1.0
223,0017000000ujegNAAQ,7668,2,1,,
224,0017000000tBSBSAA4,7667,1,1,,
225,0017000000sd02pAAA,7643,1,1,1.0,1.0
226,0017000000s6JCUAA2,7573,4,2,2.0,2.0
227,001700000138wIHAAY,8412,5,1,1.0,
228,00170000015CwVbAAK,8165,8,2,2.0,2.0
229,0017000001D2nFuAAJ,8378,39,6,8.0,4.0
230,0017000001EExvmAAD,8584,15,1,2.0,1.0
231,0017000001HdwEWAAZ,8354,30,2,2.0,2.0
232,0017000001GfjB1AAJ,8290,31,1,1.0,1.0
233,0017000001JKpG1AAL,8249,8,1,2.0,2.0
234,0017000001KpH0lAAF,8725,134,1,1.0,1.0
235,0017000001KqWsMAAV,8436,35,4,5.0,4.0
236,0017000001KsHwnAAF,226010,98,5,6.0,4.0
237,0017000001OVG17AAH,8371,56,3,4.0,4.0
238,0017000001OVlERAA1,8363,51,2,3.0,3.0
239,0017000001XRkQOAA1,28004,14,4,4.0,3.0
240,0017000001VuYVOAA3,8707,1,1,4.0,4.0
241,0017000001VtyfcAAB,8702,7,3,3.0,1.0
242,0017000001Vt0eiAAB,8981,10,1,2.0,2.0
243,0017000001VtDpxAAF,8711,2,1,1.0,1.0
244,0017000001QXMlIAAX,8507,3,1,,
245,0017000001RF9pWAAT,8854,2,1,,
246,0017000001RLfm0AAD,8555,24,2,2.0,1.0
247,0017000001RL3r0AAD,8456,11,2,4.0,2.0
248,0017000001RMNXBAA5,8487,17,1,3.0,3.0
249,0017000001Sxjf7AAB,8534,11,4,5.0,4.0
250,0017000001SwydhAAB,8591,6,1,,
251,0017000001V2dQKAAZ,8703,21,4,4.0,2.0
252,0017000001V2jxWAAR,8649,31,2,6.0,5.0
253,0017000000qvrGNAAY,8434,1,1,2.0,1.0
254,0017000000pfRKBAA2,45005,50,1,1.0,1.0
255,0017000000qJDmnAAG,7533,1,1,1.0,1.0
256,0017000000p95qAAAQ,8486,5,2,2.0,2.0
257,0010g00001Z5LisAAF,414056,14,2,2.0,1.0
258,0010g00001gLxWFAA0,538399,10,4,3.0,2.0
259,0014u00001tE2cfAAC,520480,4,1,1.0,1.0
260,0010g00001Z5M5xAAF,569005,66,4,4.0,3.0
261,0014u00001ow5DfAAI,519176,161,4,6.0,6.0
262,0017000000pfRCEAA2,8952,18,4,7.0,5.0
263,0010g00001Z5Lg3AAF,8863,173,5,6.0,5.0
264,0014u00001nz1Q3AAI,427011,172,5,5.0,5.0
265,0010g00001Z5LdCAAV,411166,70,2,3.0,1.0
266,0017000000pfRDWAA2,346010,67,7,7.0,5.0
267,0014u00001nz4h3AAA,261010,2,1,,
268,0010g00001byYGZAA2,8874,17,3,3.0,2.0
269,0017000001RKrZEAA1,362010,7,2,1.0,1.0
270,0017000000pfR81AAE,6816,4,1,1.0,1.0
271,0017000000pfRN7AAM,8077,9,3,1.0,1.0
272,0010g00001dmeUAAAY,566601,6,3,3.0,1.0
273,0014u00001v8fPeAAI,570745,1,1,1.0,1.0
274,0010g00001do3lMAAQ,106010,3,2,1.0,
275,0017000000qJRuMAAW,8404,29,2,1.0,1.0
276,0017000001NWPnaAAH,8545,34,10,11.0,7.0
277,0017000000qv4OTAAY,8349,51,3,5.0,4.0
278,0010g00001gLxXGAA0,564308,70,7,9.0,8.0
279,0017000001RErolAAD,9013,2,1,1.0,1.0
280,0017000001GFn1UAAT,313010,184,3,3.0,2.0
281,0017000001OwiCpAAJ,8494,176,4,5.0,5.0
282,0017000000qvUEQAA2,7572,18,1,3.0,2.0
283,0017000000ymDiMAAU,8300,28,3,3.0,2.0
284,0017000001OUHjBAAX,8679,80,4,5.0,5.0
285,0017000000p9CfOAAU,7508,83,6,9.0,7.0
286,0017000001MThr6AAD,8506,70,4,4.0,3.0
287,0017000001OvPneAAF,8409,6,1,,
288,00170000018U8zgAAC,8158,3,1,,
289,0017000000pfQx9AAE,8196,60,5,5.0,4.0
290,0017000000p7WGiAAM,8457,3,2,2.0,1.0
291,0017000001JKrRfAAL,8281,22,6,7.0,6.0
292,00170000011Mea5AAC,7006,68,2,1.0,1.0
293,0017000000p7GrhAAE,8251,3,1,,
294,0017000001VrXPhAAN,8813,21,3,3.0,3.0
295,0017000001MVZgLAAX,8379,7,1,1.0,1.0
296,0017000001VurRAAAZ,8697,43,1,5.0,5.0
297,0017000000mlp5ZAAQ,7432,15,2,1.0,
298,0017000000uil7BAAQ,7839,6,1,5.0,2.0
299,0017000001CLYjMAAX,8986,12,1,1.0,1.0
300,0017000001Vu1IMAAZ,8630,8,1,1.0,
301,0017000001RMqrBAAT,8619,4,1,,
302,0017000000pfRIEAA2,8560,3,2,3.0,3.0
303,0017000000pfRGYAA2,175010,6,1,,
304,0010g00001Z5LfAAAV,39012,48,4,3.0,3.0
305,00170000014Mc6yAAC,7866,31,2,2.0,2.0
306,00170000016We54AAC,7977,39,4,5.0,5.0
307,0017000001K0lN0AAJ,8343,40,2,2.0,2.0
308,0017000001BQ8gtAAD,8587,302,43,42.0,31.0
309,0017000000p8c9sAAA,6457,11,5,7.0,3.0
310,0017000000vjudNAAQ,8330,5,1,1.0,1.0
311,0010g00001gLxPpAAK,521762,18,1,1.0,
312,0017000000y1CWhAAM,7736,7,1,2.0,
313,0017000000qx3QRAAY,7661,3,2,3.0,3.0
314,0010g00001Z5LnoAAF,9004,210,4,5.0,5.0
315,0017000001MBdlrAAD,8306,2,1,,
316,00170000011sputAAA,7874,3,1,4.0,2.0
317,0017000000sdAEMAA2,7670,15,3,2.0,2.0
318,0017000001IUGMnAAP,8426,41,6,12.0,8.0
319,0017000001T08LoAAJ,8626,46,3,3.0,1.0
320,0017000000wLERcAAO,8516,4,1,,
321,0017000000wofKPAAY,7698,2,1,1.0,
322,0017000000wMGadAAG,8291,5,2,4.0,2.0
323,0017000000yO2E7AAK,7764,30,2,1.0,1.0
324,0017000000zgFCYAA2,8205,4,1,,
325,0017000000yo56EAAQ,7810,2,1,1.0,1.0
326,00170000010BBHhAAO,8154,8,1,,
327,00170000011M8eMAAS,7795,18,2,1.0,1.0
328,00170000010jfFBAAY,7836,40,8,7.0,4.0
329,00170000010jkYEAAY,8199,147,6,7.0,5.0
330,0017000000u3msyAAA,9053,46,2,1.0,1.0
331,0017000000scLCWAA2,8994,96,7,8.0,5.0
332,0017000000sdb9KAAQ,7649,12,3,3.0,2.0
333,0017000000rYQwCAAW,7615,1,1,1.0,1.0
334,00170000018Sd4bAAC,8868,41,5,6.0,4.0
335,0017000001GgOhzAAF,8250,15,2,2.0,1.0
336,0017000001GFRC0AAP,461014,2,1,4.0,2.0
337,0017000001HoEApAAN,8643,11,2,2.0,1.0
338,0017000001HoJtoAAF,8276,7,1,1.0,1.0
339,0017000001GfeKvAAJ,8221,319,6,7.0,6.0
340,0017000001OXSlzAAH,8369,5,1,1.0,1.0
341,0017000001OuZ0vAAF,8451,5,3,1.0,1.0
342,0017000001OunCHAAZ,8566,11,2,1.0,1.0
343,0017000001Ov7gmAAB,8492,9,3,2.0,1.0
344,0017000001OvFAPAA3,8543,8,2,1.0,1.0
345,0017000001OvhRsAAJ,8471,1,1,2.0,1.0
346,0017000001XRJxFAAX,552298,7,1,1.0,1.0
347,0017000001VrtjSAAR,8764,2,2,,
348,0017000001VsNEHAA3,8904,19,2,2.0,2.0
349,0017000001VsQnpAAF,8606,2,2,1.0,1.0
350,0017000001QYNrvAAH,8454,26,2,2.0,2.0
351,0017000001RF4ttAAD,8427,59,6,19.0,14.0
352,0017000001SwbmWAAR,8628,1,1,,
353,0017000001SyXrZAAV,8602,49,3,7.0,5.0
354,0017000000pfRDVAA2,7741,20,2,2.0,1.0
355,0017000000pfRDhAAM,8190,53,1,1.0,1.0
356,0017000000q5aP5AAI,8353,12,1,1.0,
357,0017000000qIcVwAAK,7592,2,1,1.0,
358,0017000000pfRAHAA2,7248,3,2,2.0,2.0
359,0017000000pfR8sAAE,6818,1,1,2.0,
360,0017000000pfR85AAE,6752,24,10,8.0,3.0
361,0017000000pfR7mAAE,7052,220,6,7.0,5.0
362,0017000000pfR6kAAE,6781,52,2,1.0,1.0
363,0017000000p5hsNAAQ,7574,4,1,1.0,1.0
364,0017000000oqrOmAAI,7490,36,4,6.0,6.0
365,0017000000or7CvAAI,7589,17,2,6.0,6.0
366,0017000000oXm8LAAS,7703,17,3,2.0,
367,0017000000ob82IAAQ,7478,70,3,3.0,1.0
368,0017000000oH6ykAAC,7511,50,2,1.0,
369,0017000000SbV4eAAF,531297,4,1,2.0,2.0
370,0010g00001Z5LxCAAV,583875,5,1,4.0,4.0
371,0010g00001Z5LqhAAF,8897,32,3,6.0,5.0
372,0017000000SbVIiAAN,5068,43,3,5.0,4.0
373,0010g00001j4LxjAAE,195010,9,2,,
374,0017000001IU6yqAAD,254010,23,1,3.0,3.0
375,0017000001XREy5AAH,8676,38,2,3.0,2.0
376,0017000000SbVI4AAN,6501,23,3,4.0,3.0
377,0017000000SbVAuAAN,2210,180,8,9.0,7.0
378,0017000000SbV4zAAF,3027,72,7,8.0,7.0
379,0017000000SbV9iAAF,3500,316,5,8.0,8.0
380,00170000010mHSMAA2,8667,29,6,7.0,6.0
381,0010g00001Z5LlKAAV,521772,10,2,2.0,2.0
382,0017000000SbV4HAAV,6729,37,3,9.0,7.0
383,0017000000SbVFwAAN,3435,18,4,2.0,2.0
384,0017000000SbVEgAAN,6843,224,6,9.0,8.0
385,0017000000m9zp1AAA,434011,16,5,3.0,2.0
386,0017000000pfRIVAA2,7547,2,2,2.0,
387,0017000000SbVGrAAN,2828,10,1,1.0,
388,0017000000SbVIKAA3,3533,73,10,13.0,9.0
389,0010g00001Z5LuRAAV,212011,48,1,1.0,1.0
390,0010g00001Z5LiIAAV,8835,3,2,,
391,0017000001OVsMsAAL,8360,119,1,1.0,1.0
392,0017000000SbV4PAAV,3943,15,3,3.0,2.0
393,0017000000hahhpAAA,7259,15,3,5.0,5.0
394,0017000000SbVKfAAN,3492,171,10,9.0,6.0
395,0017000000SbVJcAAN,3175,62,12,13.0,9.0
396,0010g00001Z5M2VAAV,8796,6,1,1.0,
397,0017000001OvWSJAA3,8495,105,6,5.0,5.0
398,0017000001XQlqvAAD,8812,100,16,15.0,13.0
399,0017000000SuyEoAAJ,7451,2,1,,
400,0017000000SbVDaAAN,3424,100,7,9.0,8.0
401,0017000000oeQxkAAE,7480,2,1,1.0,1.0
402,0017000001OuOheAAF,8745,17,5,5.0,1.0
403,0017000001RMkLtAAL,8751,4,1,1.0,1.0
404,00170000013ryykAAA,9035,16,2,4.0,3.0
405,0017000000SbVAkAAN,3505,394,38,41.0,36.0
406,0017000000ljx2DAAQ,7538,11,3,3.0,1.0
407,0017000000cKkIGAA0,8928,41,3,10.0,4.0
408,0017000000SbVMFAA3,4929,22,2,5.0,5.0
409,0017000000SbV4JAAV,1145,38,3,4.0,3.0
410,0010g00001Z5LygAAF,234010,5,1,3.0,
411,0017000000SbV8xAAF,5311,32,6,3.0,3.0
412,0017000000SbVC8AAN,4179,50,2,7.0,7.0
413,0017000000SbVDpAAN,1525,60,3,4.0,3.0
414,0017000000SbVH9AAN,3579,114,4,4.0,3.0
415,0017000000SbVMbAAN,6751,585,10,8.0,6.0
416,0017000000SbVNGAA3,17001,19,2,2.0,1.0
417,0017000000SuyFUAAZ,6315,393,9,12.0,11.0
418,0017000000kYHQUAA4,6783,85,3,2.0,1.0
419,0017000000YweN8AAJ,538302,52,5,5.0,5.0
420,0017000000SbVCRAA3,3519,17,3,6.0,4.0
421,0017000000SbVDOAA3,1748,62,17,34.0,21.0
422,0017000000SbVCUAA3,3524,160,16,19.0,14.0
423,0017000000SbVAjAAN,3517,30,3,2.0,2.0
424,0017000000SbV36AAF,4411,270,2,2.0,1.0
425,0017000000SbV8tAAF,3840,1,1,1.0,
426,0017000000SbVAcAAN,3513,88,1,1.0,1.0
427,0017000000SbVFQAA3,3959,86,17,20.0,20.0
428,0017000000jEQgoAAG,7797,70,2,2.0,2.0
429,0017000000SbVANAA3,6468,8,4,2.0,1.0
430,0017000000SbVCbAAN,4475,44,1,3.0,3.0
431,0017000000VUw3JAAT,7022,76,7,14.0,7.0
432,0010g00001j4NHcAAM,37005,4,3,4.0,4.0
433,0017000000lCuheAAC,7464,129,3,3.0,3.0
434,0017000000SbVEPAA3,3660,116,3,10.0,6.0
435,0017000000SbVNWAA3,3477,146,4,8.0,5.0
436,0017000000SbV5WAAV,2250,13,1,1.0,1.0
437,0017000000SbVJuAAN,3483,12,3,7.0,5.0
438,0017000000SuEa9AAF,6028,2,1,,
439,0017000000SbVKuAAN,3421,129,5,7.0,5.0
440,0017000000nB1CPAA0,8220,34,4,6.0,3.0
441,0017000000mAUdCAAW,6776,3,1,1.0,1.0
442,0017000000lBQjqAAG,6837,43,4,4.0,2.0
443,0017000000l9jo7AAA,7379,2,1,,
444,0017000000SbV0yAAF,5067,6,1,1.0,
445,0017000000SbVEyAAN,5698,207,14,19.0,17.0
446,0017000000SbVDoAAN,3958,64,3,3.0,3.0
447,0017000000SbV5oAAF,4827,340,7,9.0,7.0
448,0017000000hcEGfAAM,8265,7,1,,
449,0014u00001tF07HAAS,532298,10,4,4.0,3.0
450,0017000000SbVLaAAN,3481,6,1,2.0,1.0
451,0017000000SbV6YAAV,6634,62,10,15.0,3.0
452,0017000000SbVGhAAN,2310,3,2,2.0,1.0
453,0017000000SbVMXAA3,2429,79,9,14.0,12.0
454,0017000000WRZzdAAH,6397,1,1,1.0,
455,0010g00001Z5LwIAAV,522074,40,3,3.0,1.0
456,0017000000SbVGgAAN,5211,9,2,2.0,2.0
457,0017000000SbVCyAAN,4724,19,1,1.0,1.0
458,0017000000SbVHWAA3,1665,169,8,9.0,5.0
459,0017000000SbVM7AAN,2453,170,13,27.0,23.0
460,0017000000SbVNnAAN,1926,13,4,6.0,4.0
461,0017000000SbVNrAAN,3422,56,12,13.0,9.0
462,0017000000kawDrAAI,7828,2,1,2.0,1.0
463,0017000000SbVJXAA3,6119,54,3,3.0,3.0
464,0010g00001j3GDCAA2,128010,25,4,5.0,5.0
465,0017000000bGOKAAA4,6196,34,7,12.0,10.0
466,0017000000SbVIXAA3,7631,3,1,2.0,1.0
467,0017000000SbVDXAA3,6264,102,2,3.0,3.0
468,0017000000SbV2LAAV,7396,271,9,11.0,11.0
469,0010g00001Z5LxmAAF,142010,115,5,5.0,3.0
470,0017000000SbVA8AAN,1405,26,1,1.0,1.0
471,0017000000SbVLfAAN,2521,118,9,9.0,5.0
472,0017000000fP2LMAA0,6357,56,6,8.0,7.0
473,0017000000SbVAdAAN,5150,15,3,2.0,1.0
474,0017000000SbVHSAA3,6738,154,3,4.0,2.0
475,0017000000SbV2IAAV,6195,95,4,3.0,1.0
476,0010g00001Z5LzQAAV,513020,38,5,10.0,8.0
477,0017000000SbVJpAAN,7230,126,3,3.0,3.0
478,0017000000SbV9DAAV,3738,14,2,3.0,2.0
479,0017000000SbV9NAAV,3420,27,6,7.0,6.0
480,0017000000SbVDhAAN,4350,140,5,5.0,3.0
481,0017000000SbV2ZAAV,7322,30,6,8.0,7.0
482,0017000000SbV9cAAF,3151,76,9,13.0,12.0
483,0017000000SbVCOAA3,6311,5,1,1.0,1.0
484,0017000000SbVFIAA3,3721,170,6,7.0,6.0
485,0017000000SbVJYAA3,8517,29,6,6.0,4.0
486,0017000000SbVNDAA3,2967,28,2,2.0,2.0
487,0017000000SbVGpAAN,5372,41,2,2.0,2.0
488,0017000000SbV4cAAF,571744,189,10,17.0,10.0
489,0017000000SbV5LAAV,6812,183,7,11.0,7.0
490,0017000000SbVH8AAN,6120,2,1,,
491,0017000000SbVJoAAN,6951,77,10,13.0,9.0
492,0017000000SbVOAAA3,6928,39,9,12.0,9.0
493,0017000000SbVJUAA3,6907,23,2,4.0,4.0
494,0017000000SbVN0AAN,3599,48,5,4.0,3.0
495,0017000000SbV8rAAF,2644,55,5,4.0,3.0
496,0010g00001Z5Lz9AAF,218010,8,2,1.0,1.0
497,0017000000SbVDzAAN,3443,206,15,19.0,10.0
498,0017000000hdCWmAAM,7393,11,3,3.0,
499,0017000000SbVNZAA3,8338,2,1,1.0,1.0
500,0017000000Yg7WAAAZ,7658,3,1,1.0,1.0
501,0017000000bDtu2AAC,545302,2,1,3.0,3.0
502,0017000000jFZLVAA4,6797,21,4,2.0,2.0
503,0017000000SbVH1AAN,5472,36,6,3.0,3.0
504,0017000000SbVC0AAN,3471,464,10,14.0,13.0
505,0017000000SbVAGAA3,5192,59,5,7.0,6.0
506,0017000000SbVEzAAN,6876,172,10,16.0,13.0
507,0017000000SbV4DAAV,3620,65,5,6.0,4.0
508,0010g00001Z5LyXAAV,54001,19,1,2.0,2.0
509,0017000000SbVHwAAN,1585,201,4,5.0,3.0
510,0014u00001tDnHtAAK,520413,225,19,41.0,19.0
511,0017000000SbVCWAA3,1726,67,10,26.0,17.0
512,0017000000SbVI7AAN,6260,85,2,2.0,2.0
513,0017000000ZLY1gAAH,6484,7,1,,
514,0017000000SbV4kAAF,1688,171,3,4.0,3.0
515,0017000000SbV53AAF,6968,10,2,3.0,1.0
516,0017000000SbV6KAAV,6893,133,4,6.0,4.0
517,0017000000SbVBjAAN,3444,21,3,8.0,7.0
518,0017000000SbVBoAAN,3961,9,4,3.0,2.0
519,0017000000SbVCiAAN,5251,22,2,2.0,2.0
520,0017000000SbVDyAAN,3546,101,8,10.0,8.0
521,0017000000SbVKWAA3,3736,6,4,2.0,2.0
522,0017000000fSgh3AAC,6847,12,3,2.0,1.0
523,0017000000SbVBnAAN,6456,35,5,7.0,4.0
524,0017000000SbVBZAA3,5899,29,5,3.0,3.0
525,0017000000SbVBsAAN,3177,43,5,7.0,4.0
526,0017000000SbVFgAAN,3538,164,8,8.0,5.0
527,0017000000SbVGlAAN,3781,79,8,10.0,8.0
528,0017000000SbVKhAAN,3153,85,10,11.0,4.0
529,0017000000SbVLUAA3,1645,172,11,13.0,11.0
530,0017000000SbV7DAAV,5820,79,2,2.0,1.0
531,0017000000SbV16AAF,5352,5,2,2.0,
532,0017000000SbV5bAAF,556315,1,1,,
533,0017000000SbV4RAAV,3433,26,1,,
534,0017000000SbVLDAA3,1285,2,2,3.0,2.0
535,0017000000SbV4KAAV,3425,41,4,3.0,3.0
536,0017000000SbVI2AAN,6281,128,3,4.0,2.0
537,0017000000jEK6HAAW,6794,2,1,,
538,0017000000SbV21AAF,4018,104,3,4.0,3.0
539,0017000000SbV6rAAF,3531,106,6,10.0,6.0
540,0017000000SbV8NAAV,1305,449,3,5.0,3.0
541,0017000000SbVAWAA3,5573,98,9,8.0,7.0
542,0017000000SbVBzAAN,6079,243,15,16.0,10.0
543,0017000000SbVDYAA3,6722,129,3,3.0,3.0
544,0017000000SbVFHAA3,1707,114,3,3.0,2.0
545,0017000000SbVMhAAN,5739,1,1,1.0,
546,0017000000haesEAAQ,7417,8,3,6.0,5.0
547,0010g00001gMCUoAAO,150010,16,4,8.0,2.0
548,0017000000SbV2HAAV,6466,422,4,4.0,4.0
549,0017000000SbVHlAAN,3207,95,3,5.0,4.0
550,0010g00001Z5LthAAF,139014,43,6,5.0,4.0
551,0017000000SbV8fAAF,5047,56,4,7.0,5.0
552,0017000000SbVBWAA3,3484,21,5,2.0,2.0
553,0017000000SbVCYAA3,4601,18,3,2.0,2.0
554,0017000000SbVI9AAN,7181,3,2,,
555,0017000000SbVKAAA3,8151,366,7,7.0,5.0
556,0017000000SbVKTAA3,6967,68,4,5.0,4.0
557,0017000000cIvxDAAS,6353,19,3,4.0,3.0
558,0017000000hapUIAAY,6592,2,1,4.0,1.0
559,0017000000SbVB7AAN,6025,16,3,4.0,4.0
560,0017000000SbVCdAAN,4158,38,3,5.0,4.0
561,0017000000SbVMiAAN,2389,33,2,3.0,2.0
562,0017000000SbV1qAAF,6460,36,4,3.0,3.0
563,0017000000SbV2jAAF,6356,22,2,5.0,4.0
564,0017000000SbV31AAF,3813,41,8,8.0,8.0
565,0010g00001Z5LtkAAF,557308,41,1,2.0,2.0
566,0017000000SbV4AAAV,3803,500,10,13.0,10.0
567,0010g00001Z5Lu8AAF,356010,34,3,2.0,2.0
568,0017000000SbV57AAF,3314,24,1,1.0,1.0
569,0010g00001Z5LuQAAV,10005,6,2,1.0,1.0
570,0017000000SbV4UAAV,1265,27,1,2.0,1.0
571,0017000000SbV5wAAF,5922,6,1,2.0,
572,0017000000SbV5GAAV,3834,2,1,1.0,1.0
573,0017000000SbV5NAAV,3168,5,4,11.0,7.0
574,0017000000SbV6DAAV,7369,74,1,1.0,1.0
575,0010g00001Z5LwUAAV,520708,65,6,7.0,5.0
576,0017000000SbV5dAAF,3067,69,2,2.0,1.0
577,0017000000SbV6NAAV,8795,14,5,8.0,4.0
578,0017000000SbV74AAF,1730,9,2,2.0,1.0
579,0017000000SbV6TAAV,194012,43,7,10.0,9.0
580,0017000000SbV6UAAV,2411,200,4,4.0,2.0
581,0017000000SbV6VAAV,5819,16,5,4.0,3.0
582,0017000000SbV89AAF,6859,4,1,4.0,4.0
583,0017000000SbV8JAAV,2449,65,3,4.0,1.0
584,0017000000SbV7OAAV,2499,25,3,8.0,4.0
585,0017000000SbV8MAAV,3560,163,9,9.0,8.0
586,0017000000SbV8RAAV,4744,21,3,3.0,2.0
587,0017000000SbV8TAAV,3512,3,1,1.0,1.0
588,0010g00001Z5LxzAAF,48001,11,2,2.0,1.0
589,0017000000SbV8YAAV,6719,253,1,1.0,1.0
590,0017000000SbV7hAAF,2560,75,3,4.0,4.0
591,0017000000SbV7jAAF,4888,38,2,2.0,2.0
592,0017000000SbV7lAAF,1766,69,9,12.0,8.0
593,0017000000SbV8iAAF,3486,45,7,16.0,11.0
594,0017000000SbV9mAAF,1004,79,22,32.0,11.0
595,0017000000SbV9tAAF,1685,173,9,11.0,9.0
596,0017000000SbV8vAAF,3438,419,6,6.0,4.0
597,0017000000SbV9xAAF,3463,7,1,1.0,1.0
598,0017000000SbV9zAAF,3467,9,2,2.0,1.0
599,0017000000SbVA4AAN,6152,5,1,1.0,
600,0017000000SbVAAAA3,6469,173,4,3.0,3.0
601,0017000000SbV9OAAV,3455,1012,1,1.0,1.0
602,0017000000SbV9SAAV,364010,1,1,3.0,2.0
603,0017000000SbV9TAAV,6129,44,3,3.0,3.0
604,0010g00001Z5LzWAAV,123094,69,4,4.0,4.0
605,0017000000SbVB9AAN,6933,42,4,5.0,3.0
606,0017000000SbVAXAA3,3482,8,1,1.0,1.0
607,0017000000SbVBMAA3,4580,120,5,5.0,4.0
608,0017000000SbVBQAA3,7514,17,3,5.0,2.0
609,0017000000SbVCBAA3,9038,5,1,1.0,
610,0017000000SbVCLAA3,3882,14,2,2.0,1.0
611,0017000000SbVDCAA3,8830,30,3,3.0,2.0
612,0017000000SbVDLAA3,4581,4,2,2.0,2.0
613,0017000000SbVCeAAN,3559,153,9,10.0,7.0
614,0010g00001Z5LsMAAV,123024,181,5,6.0,3.0
615,0017000000SbVDVAA3,5699,157,17,24.0,21.0
616,0017000000SbVCjAAN,3423,87,13,21.0,7.0
617,0017000000SbVDbAAN,3880,3,2,1.0,1.0
618,0017000000SbVCuAAN,177010,2,1,4.0,1.0
619,0017000000SbVDfAAN,6735,26,3,3.0,3.0
620,0010g00001Z5M3mAAF,540297,7,2,2.0,2.0
621,0017000000SbVE9AAN,3453,207,11,13.0,10.0
622,0017000000SbVEDAA3,5332,125,2,3.0,3.0
623,0010g00001Z5M4iAAF,50013,1,1,1.0,1.0
624,0017000000SbVEWAA3,3782,84,4,4.0,4.0
625,0017000000SbVEZAA3,8647,10,2,1.0,1.0
626,0017000000SbVEtAAN,6462,67,11,14.0,11.0
627,0017000000SbVFbAAN,5879,368,25,14.0,9.0
628,0017000000SbVF7AAN,6895,1,1,1.0,1.0
629,0017000000SbVFrAAN,6966,7,1,1.0,1.0
630,0017000000SbVGLAA3,2066,57,3,4.0,3.0
631,0017000000SbVFSAA3,6920,40,3,3.0,3.0
632,0017000000SbVHFAA3,7222,46,2,3.0,2.0
633,0017000000SbVHPAA3,8674,108,7,8.0,7.0
634,0017000000SbVGYAA3,7362,1170,6,8.0,6.0
635,0017000000SbVABAA3,7282,105,4,4.0,3.0
636,0017000000SbVGkAAN,6872,38,3,4.0,4.0
637,0017000000SbVHfAAN,6461,105,5,8.0,7.0
638,0017000000SbVGqAAN,3400,2,1,1.0,1.0
639,0017000000SbVHsAAN,2309,26,4,3.0,3.0
640,0017000000SbVI0AAN,6236,92,7,12.0,9.0
641,0017000000SbVIvAAN,6029,87,9,16.0,9.0
642,0017000000SbVIDAA3,3527,2,1,,
643,0017000000SbVJFAA3,547298,65,13,20.0,13.0
644,0017000000SbVJOAA3,2805,3,1,2.0,2.0
645,0017000000SbVKjAAN,5193,4,1,1.0,1.0
646,0017000000SbVK6AAN,2987,623,14,13.0,8.0
647,0017000000SbVKnAAN,6804,25,4,8.0,5.0
648,0017000000SbVKBAA3,6742,277,5,5.0,3.0
649,0017000000SbVKIAA3,7413,3,1,1.0,1.0
650,0017000000SbVKyAAN,7252,1420,4,4.0,4.0
651,0017000000SbVL5AAN,8845,3,2,1.0,1.0
652,0017000000SbVL9AAN,6198,323,2,3.0,2.0
653,0017000000SbVLuAAN,3294,171,6,6.0,5.0
654,0017000000SbVLvAAN,2046,125,4,4.0,4.0
655,0017000000SbVLLAA3,3185,21,4,6.0,3.0
656,0017000000SbVLNAA3,6873,58,4,5.0,4.0
657,0017000000SbVLbAAN,2456,225,18,31.0,21.0
658,0017000000SbVMGAA3,1806,330,4,3.0,1.0
659,0017000000SbVLgAAN,4559,25,3,5.0,4.0
660,0017000000SbVMKAA3,3941,5,2,2.0,
661,0017000000SbVLkAAN,9076,12,4,3.0,2.0
662,0017000000SbVN3AAN,3548,1,1,,
663,0017000000SbVMNAA3,5554,93,3,10.0,6.0
664,0017000000SbVNKAA3,6850,67,2,5.0,3.0
665,0017000000SbVO6AAN,6633,329,8,8.0,6.0
666,0017000000SbVOCAA3,4662,34,4,3.0,2.0
667,0017000000SbVOEAA3,3619,125,4,6.0,5.0
668,0017000000SbVNtAAN,6023,12,3,3.0,2.0
669,0014u00001tDCaCAAW,521075,1,1,1.0,
670,0017000000SbV5HAAV,4681,290,4,3.0,3.0
671,0017000000SbV9WAAV,3497,53,2,2.0,2.0
672,0017000000SuEaGAAV,2478,400,6,9.0,7.0
673,0017000000SuyFwAAJ,3787,9,2,1.0,1.0
674,0017000000SuyGLAAZ,3735,148,14,16.0,11.0
675,0017000000SuyGMAAZ,1847,205,14,12.0,7.0
676,0017000000T0SLCAA3,7527,233,9,6.0,6.0
677,0017000000TKJYCAA5,5615,19,2,2.0,2.0
678,0017000000VUw4LAAT,3838,46,1,2.0,2.0
679,0017000000WeD1vAAF,7813,36,3,2.0,1.0
680,0017000000VgENuAAN,7367,4,1,,
681,0017000000V2696AAB,6472,124,12,14.0,7.0
682,0017000000WS0o5AAD,6197,7,1,1.0,1.0
683,0017000000WSV4FAAX,8687,3,2,8.0,3.0
684,0017000000Xcm1tAAB,7692,1,1,,
685,0017000000XcpgwAAB,8669,2,1,1.0,1.0
686,0017000000YetzFAAR,6052,14,4,4.0,3.0
687,0017000000Xd5o0AAB,6835,64,7,7.0,5.0
688,0017000000bDma4AAC,6240,15,4,4.0,4.0
689,0017000000ZMRiGAAX,6075,1,1,,
690,0017000000bEomPAAS,6950,12,4,3.0,3.0
691,0017000000bFCDfAAO,6235,48,4,3.0,1.0
692,0017000000bGlwHAAS,7453,10,1,1.0,
693,0017000000bGqLmAAK,6261,60,2,2.0,1.0
694,0017000000cIWGCAA4,7398,173,2,3.0,3.0
695,0017000000bGaq0AAC,8609,2,1,2.0,1.0
696,0017000000dMrFmAAK,6237,86,3,3.0,2.0
697,0017000000dMuKxAAK,6241,2,1,1.0,
698,0017000000dJ3IqAAK,6282,120,3,2.0,2.0
699,0017000000f1livAAA,6355,165,11,10.0,8.0
700,0017000000fSgynAAC,6459,4,1,,
701,0017000000gFiapAAC,6502,68,9,5.0,3.0
702,0017000000gG60CAAS,6771,18,1,4.0,4.0
703,0017000000hMIJcAAO,136011,3,1,1.0,
704,0017000000haH6lAAE,6910,48,1,1.0,1.0
705,0017000000hc6eGAAQ,8097,207,4,2.0,2.0
706,0017000000hc6irAAA,8853,1,1,,
707,0017000000hcypKAAQ,6612,1457,3,3.0,2.0
708,0017000000jCVdjAAG,6614,1,1,,
709,0017000000jCiuCAAS,6915,46,4,6.0,6.0
710,0017000000jCjrnAAC,6815,2,1,1.0,
711,0017000000jE87mAAC,7687,26,2,2.0,1.0
712,0017000000jEZ7rAAG,6881,33,1,1.0,1.0
713,0017000000jF7A3AAK,6716,26,3,5.0,5.0
714,0017000000jsaL3AAI,7377,1,1,,
715,0017000000jsypaAAA,6889,20,3,4.0,4.0
716,0017000000SbV13AAF,7281,12,2,1.0,1.0
717,0017000000cLXo5AAG,6279,44,1,1.0,1.0
718,0017000000jFFk2AAG,6744,5,1,2.0,1.0
719,0017000000SbVD4AAN,4768,22,7,21.0,14.0
720,0017000000SbVOLAA3,6958,2,1,,
721,0017000000kZrbhAAC,7375,1,1,1.0,
722,0017000000lAXaZAAW,8331,52,13,23.0,18.0
723,0017000000SbVAzAAN,4421,131,9,8.0,8.0
724,0017000000jCmdKAAS,6825,88,7,10.0,5.0
725,0010g00001Z5LylAAF,14001,264,2,2.0,2.0
726,0017000000SbV8uAAF,5393,129,9,10.0,8.0
727,0017000000SbVIMAA3,6952,440,7,8.0,6.0
728,0017000000SbVFAAA3,3514,141,8,18.0,14.0
729,0017000000u4FGAAA2,7851,32,1,1.0,1.0
730,0017000000SbV7bAAF,3183,96,1,2.0,2.0
731,0010g00001hokwLAAQ,9080,13,1,2.0,2.0
732,0017000000SbVJRAA3,6548,23,1,1.0,1.0
733,0017000000zhB7gAAE,7798,82,3,4.0,3.0
734,0017000000SbVCZAA3,8530,89,1,1.0,1.0
735,0017000000SbV11AAF,3877,2,2,1.0,1.0
736,0017000000SbVBEAA3,7841,5,2,6.0,5.0
737,0017000000SbVDjAAN,7286,74,2,2.0,2.0
738,0017000000SbV2nAAF,4274,96,5,4.0,3.0
739,0010g00001Z5LxhAAF,123053,3,2,1.0,1.0
740,0017000000SbV8kAAF,3851,688,1,1.0,1.0
741,0017000000SbVA5AAN,3470,113,7,10.0,9.0
742,0017000000SbVDeAAN,3428,57,3,2.0,2.0
743,0017000000SbV5fAAF,5351,47,7,6.0,6.0
744,0017000000SbV8HAAV,3480,414,7,10.0,6.0
745,0017000000SbVFdAAN,7214,28,5,5.0,5.0
746,0017000000SbVIwAAN,2189,2,1,1.0,1.0
747,0017000000SbV5yAAF,6851,2,1,4.0,3.0
748,0014u00001tF6dfAAC,545304,89,6,10.0,8.0
749,00170000016XFeJAAW,8356,40,3,5.0,3.0
750,0017000000SbVKPAA3,1065,52,8,9.0,6.0
751,0017000000lCU1PAAW,7474,63,5,9.0,8.0
752,0017000000SbVHaAAN,1686,312,9,9.0,5.0
753,0017000000jDlR7AAK,6954,17,3,8.0,8.0
754,0017000000SbV3CAAV,7260,63,2,2.0,2.0
755,0017000000SbVCfAAN,3167,554,16,20.0,16.0
756,0017000000SbVAeAAN,2501,19,2,1.0,1.0
757,0017000000SbV5lAAF,3174,161,8,7.0,7.0
758,0017000000SbVEEAA3,8373,146,5,6.0,3.0
759,0010g00001Z5LwtAAF,549305,21,3,2.0,2.0
760,0017000000SbVIsAAN,2500,1072,13,31.0,21.0
761,0017000000SbVJ7AAN,3953,39,5,6.0,6.0
762,0017000001V2XKfAAN,9011,2,1,,
763,0017000001Vt785AAB,8610,56,2,2.0,2.0
764,0010g00001Z5LpVAAV,8857,21,2,4.0,4.0
765,0017000000mixVPAAY,6769,238,2,2.0,2.0
766,0017000001V3LyJAAV,9048,6,1,1.0,1.0
767,0017000000mlqDbAAI,7688,60,5,7.0,6.0
768,0017000000SbVBkAAN,3785,48,6,7.0,7.0
769,0010g00001Z5LzbAAF,588331,2,1,1.0,1.0
770,0017000000pfRNzAAM,8473,105,4,4.0,4.0
771,0017000001Gem7ZAAR,8421,178,15,15.0,7.0
772,0017000000Yf80ZAAR,6134,8,2,2.0,2.0
773,0017000001VsngpAAB,8810,55,4,3.0,2.0
774,0017000000y1j3fAAA,7728,19,2,4.0,4.0
775,0017000000pfR9JAAU,7504,102,3,2.0,2.0
776,0017000000y28jcAAA,125010,28,4,6.0,3.0
777,0017000001VrVb9AAF,8618,15,1,1.0,1.0
778,0017000001XQjtfAAD,8720,16,3,2.0,2.0
779,001700000135y13AAA,7897,265,2,2.0,2.0
780,0014u00001ukCu3AAE,535297,104,25,32.0,27.0
781,0017000000zfypNAAQ,8662,1,1,1.0,1.0
782,0017000000n9iWKAAY,8685,9,1,2.0,
783,0017000000mAWWTAA4,6848,77,3,3.0,3.0
784,0017000000qK9YjAAK,123010,633,5,8.0,4.0
785,0017000000SbVFkAAN,1708,24,7,6.0,4.0
786,0017000000SbVJrAAN,1928,104,14,17.0,7.0
787,0017000000SbVJTAA3,1025,2597,7,7.0,6.0
788,0017000000SbVL1AAN,3466,31,6,7.0,6.0
789,0017000000SbVKXAA3,2412,24,6,4.0,2.0
790,0017000000SbVM5AAN,6937,171,3,4.0,3.0
791,0017000000ljFJXAA2,7424,13,2,2.0,2.0
792,0017000000dqcLWAAY,6312,32,2,4.0,3.0
793,0017000000SbV1QAAV,8852,37,7,8.0,5.0
794,0017000000SbVIHAA3,8424,19,1,1.0,1.0
795,0017000000SbV9vAAF,4229,20,2,2.0,1.0
796,0017000000SbVF6AAN,3479,1593,34,36.0,32.0
797,0010g00001Z5LyBAAV,507059,4,1,3.0,1.0
798,0017000000SbVBRAA3,1866,1263,9,10.0,8.0
799,0017000000SbVDdAAN,3427,183,11,15.0,15.0
800,0017000000cKCE1AAO,6764,5,1,1.0,1.0
801,0017000000SbV7vAAF,5740,99,5,4.0,4.0
802,0017000000SbV7AAAV,6945,29,1,1.0,1.0
803,0017000000SbVJaAAN,1085,389,7,12.0,8.0
804,0017000000SbVN9AAN,6820,1,1,1.0,1.0
805,0017000000SbV3wAAF,6957,116,7,8.0,7.0
806,0010g00001Z5LzkAAF,23001,231,3,4.0,2.0
807,0017000000SbVFRAA3,5231,125,2,5.0,4.0
808,0017000000SbVGIAA3,4765,17,1,1.0,1.0
809,0017000000V1YxMAAV,5697,14,3,7.0,4.0
810,0017000000ndBLeAAM,9010,71,2,3.0,1.0
811,0017000000mAUtFAAW,7462,120,3,3.0,3.0
812,0017000000mAPmXAAW,2213,2480,113,4.0,2.0
813,0017000000ljwrQAAQ,8988,267,5,5.0,5.0
814,0017000000SbV0xAAF,3680,39,5,7.0,5.0
815,0017000000SbV8nAAF,3563,93,5,8.0,6.0
816,0017000000SbVBdAAN,6737,372,11,10.0,9.0
817,0017000000SbVBNAA3,3171,100,3,5.0,5.0
818,0010g00001Z5M3pAAF,8848,156,4,3.0,3.0
819,0017000000SbVISAA3,1001,10,5,14.0,11.0
820,0017000000TvLaxAAF,6547,48,1,1.0,1.0
821,0010g00001Z5M3ZAAV,309010,105,7,10.0,7.0
822,0017000000SbVFfAAN,6953,1166,11,26.0,18.0
823,0017000000SbVEGAA3,3457,251,28,39.0,21.0
824,0017000000SbVJQAA3,5007,51,2,4.0,2.0
825,0017000000SbV7GAAV,6956,14,1,,
826,0017000000SbVBKAA3,2329,101,6,8.0,6.0
827,0017000000SbVE7AAN,7055,6,2,,
828,0017000000SbVETAA3,1465,26,2,2.0,1.0
829,0017000000SbVEpAAN,6857,60,5,6.0,6.0
830,0017000000SbVCcAAN,3526,19,1,1.0,1.0
831,0014u00001ukLESAA2,538298,5,1,1.0,
832,0017000000SbV23AAF,3807,28,4,7.0,3.0
833,0017000000SbVHxAAN,2459,77,4,5.0,4.0
834,0017000000SbVKlAAN,6464,68,1,1.0,1.0
835,0017000000VU6jDAAT,7699,7,1,1.0,1.0
836,0017000000SbV9gAAF,3458,33,5,8.0,7.0
837,0017000000SbV2iAAF,6475,30,2,3.0,2.0
838,0017000000SbV5EAAV,4849,373,1,2.0,2.0
839,0017000000SbV8hAAF,6504,1,1,1.0,1.0
840,0017000000SbVASAA3,4987,152,1,1.0,1.0
841,0017000000SbVCKAA3,3844,175,23,39.0,28.0
842,0017000000SbVE6AAN,3493,71,6,8.0,7.0
843,0017000000SbVN8AAN,7370,4,1,1.0,1.0
844,0017000000SbVNEAA3,2409,37,4,3.0,1.0
845,0017000000bDXHqAAO,7342,5,1,1.0,
846,0017000000bFxmVAAS,6230,23,1,2.0,
847,0017000000hcEMiAAM,6593,9,3,2.0,2.0
848,0010g00001j6ndTAAQ,99010,1,1,2.0,1.0
849,0014u00001tF07MAAS,524570,2,1,3.0,2.0
850,0017000000SbVAgAAN,4950,157,1,1.0,1.0
851,0017000000SbVCDAA3,3568,77,7,7.0,6.0
852,0017000000SbVDFAA3,8299,138,4,2.0,1.0
853,0017000000SbVLMAA3,6869,66,17,17.0,8.0
854,0017000000SbVExAAN,3884,376,16,13.0,12.0
855,0017000000SbVFLAA3,6912,59,2,3.0,3.0
856,0017000000SbVBIAA3,1690,17,3,9.0,5.0
857,0017000000SbV0rAAF,5616,7,2,4.0,2.0
858,0017000000SbVBCAA3,6941,28,4,7.0,3.0
859,0017000000SbVKMAA3,4661,106,8,8.0,7.0
860,0017000000SbVO5AAN,2391,9,2,2.0,2.0
861,0010g00001hmc2tAAA,200012,19,4,5.0,3.0
862,0017000000SbV3aAAF,6568,267,9,15.0,13.0
863,0017000000SbV8XAAV,3739,153,14,16.0,11.0
864,0017000000SbVAnAAN,4665,137,8,15.0,11.0
865,0010g00001Z5M2oAAF,169010,67,3,3.0,3.0
866,0017000000SbVHkAAN,2451,10,3,3.0,2.0
867,0017000000SbVNOAA3,1887,108,2,1.0,1.0
868,0010g00001lQOevAAG,53001,2,1,,
869,0017000000SbVKKAA3,6234,378,17,17.0,11.0
870,0017000000SbVO2AAN,1869,28,6,7.0,6.0
871,0017000000SbVMHAA3,3542,75,2,2.0,2.0
872,0017000000SbVMOAA3,1886,97,10,20.0,10.0
873,0017000000SuuntAAB,6788,71,2,2.0,1.0
874,0017000000ZLmNGAA1,6128,24,2,2.0,2.0
875,0017000000SbV61AAF,3089,22,3,3.0,3.0
876,0017000000SbVAHAA3,7399,9,1,2.0,2.0
877,0017000000SbVHRAA3,6395,201,17,19.0,12.0
878,0017000000SbVLcAAN,3504,258,20,30.0,23.0
879,0017000000dvxmRAAQ,7071,2,1,1.0,
880,0017000000SbVDrAAN,3437,75,3,2.0,2.0
881,0017000000SbVEoAAN,6852,91,7,10.0,8.0
882,0010g00001Z5LsrAAF,8937,22,1,1.0,
883,0017000000SbVBDAA3,2289,17,5,7.0,7.0
884,0017000000SbVEQAA3,5107,37,3,3.0,3.0
885,0017000000SbVGmAAN,6193,388,7,10.0,7.0
886,0017000000SbVKiAAN,6048,246,5,9.0,5.0
887,0017000000SbVKEAA3,3434,93,4,5.0,2.0
888,0017000000SbVNNAA3,1165,36,2,2.0,1.0
889,0017000000SbV5IAAV,1625,138,7,10.0,7.0
890,0017000000SbVE1AAN,8542,30,3,5.0,3.0
891,0017000000SbVFEAA3,4273,280,17,22.0,15.0
892,0017000000SbVOFAA3,8750,22,2,3.0,3.0
893,0010g00001hoHwPAAU,9060,5,1,4.0,3.0
894,0017000000SbV1NAAV,8348,7,1,2.0,2.0
895,0017000000SbVFuAAN,3178,38,4,4.0,4.0
896,0017000000SbVB4AAN,6972,7,2,,
897,0017000000SbVDvAAN,3490,151,13,13.0,9.0
898,0017000000SbVA1AAN,1022,587,4,2.0,1.0
899,0017000000SbVERAA3,1807,40,2,3.0,2.0
900,0017000000SbVHeAAN,6285,41,7,11.0,11.0
901,0017000000SbVO1AAN,3522,52,7,7.0,4.0
902,0017000000WSzMRAA1,6172,22,3,5.0,4.0
903,0017000000dJOytAAG,8362,663,4,6.0,4.0
904,0017000000hbSotAAE,7529,17,2,4.0,3.0
905,0017000000SbVKrAAN,1505,84,7,20.0,12.0
906,0017000000SbV4wAAF,6473,9,1,1.0,1.0
907,0017000000SbV6eAAF,2907,47,14,10.0,7.0
908,0017000000SbVCnAAN,8620,11,4,3.0,3.0
909,0017000000SbVFDAA3,3515,85,5,4.0,3.0
910,0017000000SbVI1AAN,6471,282,7,9.0,5.0
911,0017000000SbVJyAAN,6724,15,2,3.0,1.0
912,0017000000SbVMUAA3,6743,6,1,1.0,1.0
913,0017000000SbVMpAAN,6782,35,2,4.0,3.0
914,0017000000WT5o5AAD,6049,1128,42,47.0,29.0
915,0017000000YvRMBAA3,9102,24,6,16.0,7.0
916,0017000000SbVFaAAN,6938,14,2,3.0,3.0
917,0017000000SbV7WAAV,3111,84,5,9.0,7.0
918,0017000000VgIVPAA3,7802,26,8,9.0,9.0
919,0017000000SbV9QAAV,3166,5,1,,
920,0017000000SbVKoAAN,5696,18,5,5.0,3.0
921,0017000000SbVG8AAN,3442,203,8,7.0,5.0
922,0017000000SbVMlAAN,6654,77,10,14.0,10.0
923,0010g00001Z5Lz0AAF,123045,13,4,2.0,1.0
924,0017000000SbVDuAAN,3339,155,7,8.0,6.0
925,0017000000SuyFZAAZ,6316,2,1,,
926,0010g00001lRCCSAA4,238010,60,5,5.0,4.0
927,0017000000SbV2NAAV,5675,2,1,,
928,0017000000SbV2TAAV,3881,71,6,5.0,5.0
929,0017000000SbV2WAAV,7036,1,1,,
930,0017000000SbVB6AAN,3978,80,6,5.0,4.0
931,0017000000SbVBrAAN,4683,33,3,5.0,5.0
932,0017000000SbVDZAA3,3491,896,39,51.0,33.0
933,0017000000SbVG7AAN,2126,215,1,6.0,4.0
934,0017000000SbVK1AAN,6989,44,4,3.0,3.0
935,0017000000SbVDJAA3,4951,42,6,8.0,8.0
936,0017000000SbVEYAA3,1506,67,4,10.0,9.0
937,0017000000SbVK7AAN,6483,4,1,1.0,1.0
938,0017000000SbVKpAAN,6224,52,7,13.0,10.0
939,0017000000Suv0hAAB,6773,9,1,2.0,1.0
940,0017000000ZJf9SAAT,6022,56,4,4.0,3.0
941,0017000000ka0i9AAA,7421,273,14,16.0,11.0
942,0010g00001j3u9BAAQ,9072,4,2,1.0,1.0
943,0017000000SbV2bAAF,7049,113,5,10.0,9.0
944,0010g00001Z5LtRAAV,132015,4,2,4.0,4.0
945,0017000000SbV4ZAAV,7561,16,5,8.0,7.0
946,0017000000SbV4aAAF,3399,16,3,3.0,3.0
947,0017000000SbV44AAF,3460,146,9,11.0,7.0
948,0017000000SbV4sAAF,559323,5,2,2.0,1.0
949,0010g00001Z5LuOAAV,547304,52,3,8.0,8.0
950,0017000000SbV4OAAV,9096,12,1,1.0,1.0
951,0017000000SbV5pAAF,6844,83,8,7.0,5.0
952,0010g00001Z5LvJAAV,8841,26,4,3.0,2.0
953,0017000000SbV5MAAV,6077,74,2,3.0,1.0
954,0010g00001Z5LwHAAV,9068,4,1,1.0,1.0
955,0017000000SbV6GAAV,6280,22,2,2.0,2.0
956,0010g00001Z5LwWAAV,274010,21,2,4.0,4.0
957,0017000000SbV8IAAV,3321,32,4,5.0,4.0
958,0017000000SbV7TAAV,3969,67,5,8.0,6.0
959,0017000000SbV8lAAF,6746,810,3,5.0,4.0
960,0010g00001Z5Lz2AAF,395011,5,2,3.0,3.0
961,0017000000SbV92AAF,6774,1,1,3.0,3.0
962,0017000000SbVA3AAN,3918,39,3,3.0,1.0
963,0017000000SbV9BAAV,2450,3,3,4.0,3.0
964,0017000000SbV9KAAV,5553,5,2,1.0,
965,0017000000SbV9MAAV,3847,147,10,9.0,5.0
966,0017000000SbVADAA3,3473,12,1,,
967,0017000000SbVAxAAN,6919,324,3,16.0,14.0
968,0017000000SbVB1AAN,3511,20,1,1.0,1.0
969,0017000000SbVALAA3,7133,3,1,1.0,1.0
970,0017000000SbVARAA3,6883,189,2,3.0,3.0
971,0017000000SbVBGAA3,3855,73,7,7.0,6.0
972,0017000000SbVAVAA3,7368,65,1,3.0,3.0
973,0017000000SbVBHAA3,3535,519,6,6.0,6.0
974,0017000000SbVC3AAN,3879,1,1,,
975,0017000000SbVC7AAN,2458,840,19,20.0,14.0
976,0017000000SbVBYAA3,1827,91,8,11.0,7.0
977,0017000000SbVAsAAN,3510,286,16,18.0,16.0
978,0017000000SbVCAAA3,6071,29,1,2.0,1.0
979,0017000000SbVCFAA3,4410,103,2,2.0,2.0
980,0017000000SbVBfAAN,2927,152,9,9.0,7.0
981,0017000000SbVBgAAN,4275,57,5,5.0,5.0
982,0017000000SbVCJAA3,2168,22,3,5.0,3.0
983,0017000000mA8eaAAC,7469,22,2,2.0,2.0
984,0017000000SbVGXAA3,3465,27,3,4.0,2.0
985,0017000000SbVCQAA3,2452,15,2,3.0,3.0
986,0017000000SbVCVAA3,6436,12,2,1.0,
987,0017000000SbVBtAAN,6717,34,1,1.0,1.0
988,0017000000SbVDKAA3,1545,107,26,46.0,28.0
989,0010g00001Z5M2nAAF,9091,122,15,11.0,9.0
990,0017000000SbVByAAN,7244,32,5,1.0,1.0
991,0010g00001Z5M2qAAF,123063,33,3,3.0,3.0
992,0017000000SbVDRAA3,2166,78,19,36.0,21.0
993,0017000000SbVCgAAN,1445,169,17,18.0,12.0
994,0017000000SbVDWAA3,7285,84,2,2.0,2.0
995,0017000000SbVCpAAN,8732,39,7,11.0,7.0
996,0017000000SbVDmAAN,3837,91,5,9.0,6.0
997,0017000000SbVDsAAN,2579,426,4,4.0,3.0
998,0017000000SbVDwAAN,3440,1,1,1.0,1.0
999,0010g00001Z5M44AAF,8978,40,4,4.0,1.0
1000,0017000000SbVE4AAN,5962,33,3,3.0,3.0
1001,0017000000SbVEAAA3,5635,287,4,4.0,4.0
1002,0017000000SbVEIAA3,6814,24,3,3.0,3.0
1003,0017000000SbVEaAAN,3469,11,1,1.0,1.0
1004,0017000000SbVEeAAN,6053,18,1,1.0,1.0
1005,0017000000SbVFTAA3,4949,14,4,2.0,2.0
1006,0017000000SbVFYAA3,6934,26,4,7.0,5.0
1007,0017000000SbVEsAAN,3317,2,1,1.0,
1008,0017000000SbVFiAAN,6074,39,6,7.0,7.0
1009,0017000000SbVF8AAN,6715,765,10,14.0,12.0
1010,0017000000SbVAaAAN,1729,2163,15,20.0,12.0
1011,0017000000SbVGDAA3,7391,19,6,11.0,9.0
1012,0017000000SbVHEAA3,2349,29,8,6.0,4.0
1013,0017000000SbVHLAA3,3853,5,1,1.0,1.0
1014,0017000000SbVHTAA3,6132,11,1,3.0,2.0
1015,0017000000SbVHUAA3,5271,113,7,5.0,5.0
1016,0017000000SbV3BAAV,6867,17,3,5.0,5.0
1017,0017000000SbVHbAAN,7032,4,1,1.0,1.0
1018,0017000000SbVGtAAN,3509,22,1,2.0,1.0
1019,0017000000SbVHpAAN,1485,90,12,16.0,11.0
1020,0017000000SbVHrAAN,8623,102,12,11.0,9.0
1021,0017000000SbVIdAAN,6465,232,11,14.0,13.0
1022,0017000000SbVIxAAN,3096,68,14,20.0,13.0
1023,0017000000SbVIyAAN,4412,48,9,17.0,9.0
1024,0017000000SbVJxAAN,4622,3,1,3.0,2.0
1025,0017000000SbVJLAA3,6476,26,6,12.0,7.0
1026,0017000000SbVK3AAN,3485,227,13,16.0,15.0
1027,0017000000SbVK9AAN,6741,142,3,1.0,1.0
1028,0017000000SbVKtAAN,6572,412,12,15.0,10.0
1029,0017000000SbVKJAA3,6755,25,6,6.0,4.0
1030,0017000000SbVKwAAN,3087,51,4,4.0,2.0
1031,0017000000SbVL0AAN,9054,19,1,1.0,1.0
1032,0017000000SbVKQAA3,6767,27,1,1.0,1.0
1033,0017000000SbVKgAAN,3450,67,2,4.0,4.0
1034,0017000000SbVLyAAN,6923,48,4,9.0,5.0
1035,0017000000SbVLzAAN,215010,49,8,10.0,8.0
1036,0017000000SbVLWAA3,2455,11,1,1.0,
1037,0017000000SbVMEAA3,3885,10,1,,
1038,0017000000SbVLdAAN,2619,55,3,2.0,2.0
1039,0017000000SbVLeAAN,2685,1,1,1.0,
1040,0017000000SbVMIAA3,3784,1,1,,
1041,0017000000SbVN1AAN,3496,6,1,1.0,1.0
1042,0017000000SbVLiAAN,7165,56,6,7.0,5.0
1043,0017000000SbVLjAAN,7401,12,3,2.0,1.0
1044,0017000000SbVN4AAN,3945,9,2,3.0,1.0
1045,0017000000SbVMVAA3,2269,19,3,4.0,3.0
1046,0017000000SbVNzAAN,3722,15,1,1.0,1.0
1047,0017000000SbVNJAA3,4496,14,1,,
1048,0017000000SbVO7AAN,6924,7,2,2.0,2.0
1049,0017000000SbVOBAA3,3176,17,5,7.0,5.0
1050,0017000000SbVOHAA3,8590,19,4,4.0,3.0
1051,0017000000SbVNjAAN,2454,220,8,10.0,9.0
1052,0017000000SbVNwAAN,3094,39,2,2.0,2.0
1053,0017000000SbVAUAA3,3502,87,5,8.0,6.0
1054,0017000000SuEaFAAV,6949,138,3,5.0,4.0
1055,0017000000SbVIFAA3,1826,59,5,5.0,4.0
1056,0017000000SuulEAAR,6478,39,4,6.0,5.0
1057,0017000000SuyFdAAJ,6098,20,3,5.0,3.0
1058,0017000000SvfiHAAR,5432,3,1,,
1059,0017000000Svh6lAAB,3575,2,1,1.0,1.0
1060,0017000000SveELAAZ,3441,47,5,9.0,7.0
1061,0017000000TgpdtAAB,6146,27,2,4.0,3.0
1062,0017000000V0ZbOAAV,5721,117,4,4.0,3.0
1063,0017000000WRuPuAAL,7510,3,1,,
1064,0017000000Ye0j0AAB,8563,1,1,2.0,
1065,0017000000YeQsfAAF,8197,46,5,4.0,3.0
1066,0017000000ZKvX1AAL,6725,17,2,5.0,5.0
1067,0017000000bDW8TAAW,7070,8,1,1.0,1.0
1068,0017000000SbVEmAAN,6228,160,7,11.0,10.0
1069,0017000000cInaxAAC,7870,44,2,3.0,3.0
1070,0017000000cJKGeAAO,6225,4,2,1.0,1.0
1071,0017000000dJa2vAAC,6754,28,2,6.0,6.0
1072,0017000000dqoPYAAY,50008,24,1,,
1073,0017000000drQ4xAAE,8557,76,2,4.0,3.0
1074,0017000000dv8JvAAI,7448,88,4,5.0,4.0
1075,0017000000dwnabAAA,127010,6,1,1.0,
1076,0017000000fSNbmAAG,6863,171,6,6.0,4.0
1077,0017000000gDfMAAA0,7402,178,19,17.0,16.0
1078,0017000000gG65qAAC,7380,56,4,5.0,4.0
1079,0017000000SbV1XAAV,2580,7,1,1.0,1.0
1080,0017000000SbVGnAAN,3478,6,3,6.0,4.0
1081,0017000000hc8ULAAY,7516,107,7,13.0,8.0
1082,0017000000hcEIbAAM,6800,33,4,6.0,5.0
1083,0017000000SbVFeAAN,3536,75,6,7.0,3.0
1084,0017000000jCNIEAA4,6770,1,1,2.0,2.0
1085,0017000000jCiEkAAK,6913,6,1,2.0,2.0
1086,0017000000scTx9AAE,7707,3,1,2.0,2.0
1087,0017000000SbVAPAA3,6463,149,10,10.0,9.0
1088,0017000000jDTdsAAG,6942,389,10,13.0,8.0
1089,0017000000jEAlsAAG,8822,80,1,1.0,1.0
1090,0017000000jEgu2AAC,6795,1,1,,
1091,0017000000jtLTGAA2,7435,94,14,13.0,11.0
1092,0017000000SbV9IAAV,4600,5,1,1.0,
1093,0017000000SbV4IAAV,3172,48,3,5.0,2.0
1094,0010g00001Z5M3lAAF,8959,1,1,1.0,1.0
1095,0017000000ZM10zAAD,6078,9,1,1.0,
1096,0017000000kaf0YAAQ,7416,89,8,8.0,8.0
1097,0017000000SbVLtAAN,8477,168,5,7.0,7.0
1098,0017000000SbVBBAA3,5860,30,7,7.0,6.0
1099,0017000000SbVDlAAN,5595,205,14,16.0,12.0
1100,0017000000SbVBqAAN,1767,168,6,7.0,5.0
1101,0017000000kakKfAAI,7017,106,3,3.0,2.0
1102,0010g00001hoMksAAE,9093,73,1,3.0,3.0
1103,0017000000bGP0pAAG,83001,29,1,1.0,1.0
1104,0010g00001j42QIAAY,9098,6,1,1.0,1.0
1105,0017000000SbVFlAAN,5961,36,3,2.0,2.0
1106,0017000000SbVF3AAN,5960,128,4,5.0,5.0
1107,0017000000hd4c1AAA,6675,349,8,10.0,8.0
1108,0017000000SbV5JAAV,3152,198,6,6.0,5.0
1109,0017000000SbVKLAA3,6757,126,3,3.0,2.0
1110,0010g00001Z5LxQAAV,213010,9,2,9.0,5.0
1111,0017000000SbV8sAAF,8341,3,1,1.0,1.0
1112,0017000000SbV91AAF,7240,25,1,1.0,1.0
1113,0017000000SbVBxAAN,3737,116,1,1.0,1.0
1114,0017000000SbVNxAAN,6123,37,2,4.0,2.0
1115,0017000000SbVCXAA3,2006,32,4,5.0,5.0
1116,0017000000SbV6LAAV,8585,254,2,1.0,1.0
1117,0017000000SbVDTAA3,6500,25,5,4.0,3.0
1118,0017000000SuyF5AAJ,6898,15,4,5.0,5.0
1119,0017000000SbV59AAF,3564,4,2,3.0,1.0
1120,0017000001IUtz8AAD,9100,181,7,14.0,12.0
1121,0017000000SbVMWAA3,2086,94,1,2.0,1.0
1122,0017000000SbV50AAF,3447,3,1,1.0,
1123,0010g00001j35gzAAA,290012,1,1,1.0,
1124,0014u00001oxrW7AAI,519143,57,6,8.0,4.0
1125,0017000000SbVBUAA3,2599,135,22,35.0,25.0
1126,0017000000lDTUwAAO,7488,24,1,1.0,1.0
1127,0017000000SbVHgAAN,1888,565,10,14.0,12.0
1128,0014u00001x97JrAAI,559310,1,1,,
