,ACTIVITY,TS,CUSTOMER,ACTIVITY_REPEATED_AT,COUNT_IN_BETWEEN_GS_DEPLOYMENT_ACTIVITY,DEPS
0,TextComment_CC,2022-01-03,8421,2022-03-21,2,3182
1,TextComment_CC,2022-01-05,6951,2022-01-24,4,11382
2,TextComment_CC,2022-01-07,1025,2022-01-10,1,1848
3,TextComment_CC,2022-01-07,6953,2022-01-10,2,9128
4,TextComment_CC,2022-01-07,3480,2023-05-10,35,4622
5,TextComment_CC,2022-01-10,6572,2022-07-22,5,2641
6,TextComment_CC,2022-01-11,1766,2022-10-21,36,12602
7,TextComment_CC,2022-01-12,8948,2022-02-01,1,4701
8,TextComment_CC,2022-01-12,2411,2022-05-26,4,3219
9,TextComment_CC,2022-01-13,4410,2022-10-27,1,223
10,TextComment_CC,2022-01-14,1729,2022-01-17,1,2570
11,TextComment_CC,2022-01-14,6737,2022-01-24,2,8753
12,TextComment_CC,2022-01-15,2500,2022-01-28,2,10217
13,TextComment_CC,2022-01-18,6953,2022-01-20,1,9212
14,TextComment_CC,2022-01-19,3152,2022-05-24,4,1504
15,TextComment_CC,2022-01-20,6953,2022-01-24,1,9296
16,TextComment_CC,2022-01-20,6464,2023-06-02,5,514
17,TextComment_CC,2022-01-21,1305,2022-02-15,1,1497
18,TextComment_CC,2022-01-23,123010,2022-01-24,1,988
19,TextComment_CC,2022-01-24,6737,2022-02-08,2,8906
20,TextComment_CC,2022-01-24,3546,2022-02-09,1,1562
21,TextComment_CC,2022-01-24,6951,2022-07-22,21,15660
22,TextComment_CC,2022-01-25,6079,2022-03-14,3,3717
23,TextComment_CC,2022-01-26,14001,2022-01-27,1,6569
24,TextComment_CC,2022-01-27,2453,2022-02-14,1,2451
25,TextComment_CC,2022-01-27,6049,2022-02-14,3,25712
26,TextComment_CC,2022-01-27,3505,2022-03-04,1,1018
27,TextComment_CC,2022-01-27,6893,2022-04-04,1,906
28,TextComment_CC,2022-01-27,2389,2022-09-13,2,707
29,TextComment_CC,2022-01-27,7677,2023-01-09,1,243
30,TextComment_CC,2022-01-28,1025,2022-01-31,1,1899
31,TextComment_CC,2022-01-31,14001,2022-03-05,4,7042
32,TextComment_CC,2022-01-31,2126,2022-04-08,1,1109
33,TextComment_CC,2022-02-01,1866,2022-02-25,3,4953
34,TextComment_CC,2022-02-01,1688,2022-05-03,1,248
35,TextComment_CC,2022-02-02,6953,2022-02-05,1,9405
36,TextComment_CC,2022-02-07,3803,2022-02-16,1,4221
37,TextComment_CC,2022-02-07,3844,2022-03-17,4,6491
38,TextComment_CC,2022-02-07,1847,2022-11-08,16,4551
39,TextComment_CC,2022-02-08,1585,2022-03-02,1,1270
40,TextComment_CC,2022-02-08,6928,2022-09-15,1,63
41,TextComment_CC,2022-02-09,1025,2022-02-11,1,1980
42,TextComment_CC,2022-02-09,6737,2022-03-07,2,9174
43,TextComment_CC,2022-02-09,3546,2022-05-20,1,1574
44,TextComment_CC,2022-02-09,3443,2023-05-10,23,3313
45,TextComment_CC,2022-02-10,520413,2023-03-24,83,23912
46,TextComment_CC,2022-02-11,2500,2022-02-14,1,10461
47,TextComment_CC,2022-02-11,6953,2022-02-17,1,9585
48,TextComment_CC,2022-02-11,3438,2022-03-05,1,468
49,TextComment_CC,2022-02-11,8597,2022-06-23,12,9084
50,TextComment_CC,2022-02-11,2478,2022-11-04,24,6354
51,TextComment_CC,2022-02-14,6049,2022-02-16,1,26133
52,TextComment_CC,2022-02-14,2500,2022-03-01,1,10889
53,TextComment_CC,2022-02-14,2453,2022-05-20,2,3047
54,TextComment_CC,2022-02-14,4827,2022-10-28,2,1257
55,TextComment_CC,2022-02-16,6049,2022-02-25,1,26494
56,TextComment_CC,2022-02-16,6119,2022-12-21,24,6989
57,TextComment_CC,2022-02-17,123010,2022-02-21,1,1089
58,TextComment_CC,2022-02-17,3535,2022-07-20,1,315
59,TextComment_CC,2022-02-17,6957,2022-11-09,7,2897
60,TextComment_CC,2022-02-18,3479,2022-02-28,1,10238
61,TextComment_CC,2022-02-18,313010,2022-08-22,1,210
62,TextComment_CC,2022-02-21,3803,2022-03-18,2,4263
63,TextComment_CC,2022-02-21,4273,2022-07-14,4,2715
64,TextComment_CC,2022-02-21,3514,2022-08-02,2,843
65,TextComment_CC,2022-02-22,8948,2022-03-01,1,5353
66,TextComment_CC,2022-02-22,3491,2023-01-10,36,12707
67,TextComment_CC,2022-02-23,7721,2022-03-16,3,8050
68,TextComment_CC,2022-02-23,6466,2022-06-23,1,94
69,TextComment_CC,2022-02-24,6953,2022-03-01,2,9703
70,TextComment_CC,2022-02-24,1025,2022-03-03,1,2089
71,TextComment_CC,2022-02-24,3442,2022-06-01,1,760
72,TextComment_CC,2022-02-24,6715,2022-06-21,3,2688
73,TextComment_CC,2022-02-25,6049,2022-03-03,1,26787
74,TextComment_CC,2022-02-25,1866,2022-03-11,1,5055
75,TextComment_CC,2022-03-01,8948,2022-03-03,1,5490
76,TextComment_CC,2022-03-01,3479,2022-03-03,1,10270
77,TextComment_CC,2022-03-01,6315,2022-03-21,3,4205
78,TextComment_CC,2022-03-02,1585,2023-05-05,5,2205
79,TextComment_CC,2022-03-03,6049,2022-03-08,1,27171
80,TextComment_CC,2022-03-03,1729,2022-03-08,1,2827
81,TextComment_CC,2022-03-03,7799,2022-03-25,2,4224
82,TextComment_CC,2022-03-03,3479,2022-04-20,7,10649
83,TextComment_CC,2022-03-04,3505,2022-05-04,1,1430
84,TextComment_CC,2022-03-05,14001,2022-08-17,17,8634
85,TextComment_CC,2022-03-07,6737,2022-03-28,3,9368
86,TextComment_CC,2022-03-08,6953,2022-03-09,1,9776
87,TextComment_CC,2022-03-08,1025,2022-03-11,1,2117
88,TextComment_CC,2022-03-08,6049,2022-03-17,1,27608
89,TextComment_CC,2022-03-09,2500,2022-03-29,3,11480
90,TextComment_CC,2022-03-09,2458,2022-10-27,3,2012
91,TextComment_CC,2022-03-10,1729,2022-03-11,1,2873
92,TextComment_CC,2022-03-11,6568,2022-04-08,1,1212
93,TextComment_CC,2022-03-14,1729,2022-03-15,1,2906
94,TextComment_CC,2022-03-14,6079,2022-03-16,1,3786
95,TextComment_CC,2022-03-15,3739,2022-08-15,5,2365
96,TextComment_CC,2022-03-16,6079,2022-04-13,2,4004
97,TextComment_CC,2022-03-16,1726,2023-05-10,125,17366
98,TextComment_CC,2022-03-16,4580,2023-05-10,2,735
99,TextComment_CC,2022-03-17,6234,2022-04-18,3,8265
100,TextComment_CC,2022-03-17,7721,2022-06-09,12,9040
101,TextComment_CC,2022-03-17,5698,2022-06-15,1,1052
102,TextComment_CC,2022-03-17,3493,2022-08-08,1,812
103,TextComment_CC,2022-03-18,8948,2022-03-21,1,5797
104,TextComment_CC,2022-03-18,6953,2022-03-21,1,9818
105,TextComment_CC,2022-03-18,6049,2022-03-25,1,28130
106,TextComment_CC,2022-03-18,3803,2022-04-14,2,4521
107,TextComment_CC,2022-03-23,8948,2022-03-25,1,5958
108,TextComment_CC,2022-03-23,1866,2022-04-06,1,5235
109,TextComment_CC,2022-03-23,6355,2023-05-05,7,2160
110,TextComment_CC,2022-03-24,1729,2022-03-29,1,2954
111,TextComment_CC,2022-03-24,3453,2022-07-08,5,4003
112,TextComment_CC,2022-03-25,6049,2022-04-20,3,29732
113,TextComment_CC,2022-03-25,8421,2022-05-17,3,3524
114,TextComment_CC,2022-03-25,7799,2022-05-26,6,4386
115,TextComment_CC,2022-03-28,6737,2022-04-18,3,9431
116,TextComment_CC,2022-03-28,6315,2022-05-11,2,4625
117,TextComment_CC,2022-03-28,519143,2023-01-10,2,892
118,TextComment_CC,2022-03-29,8948,2022-03-30,1,6110
119,TextComment_CC,2022-03-29,2500,2022-04-22,4,12182
120,TextComment_CC,2022-04-01,6953,2022-04-05,2,9948
121,TextComment_CC,2022-04-01,8948,2022-04-13,1,6256
122,TextComment_CC,2022-04-05,6465,2022-06-15,1,1501
123,TextComment_CC,2022-04-06,1866,2022-04-14,1,5279
124,TextComment_CC,2022-04-07,6953,2022-04-11,1,9972
125,TextComment_CC,2022-04-07,3423,2022-11-09,7,6291
126,TextComment_CC,2022-04-08,8151,2022-05-05,1,836
127,TextComment_CC,2022-04-08,2987,2022-10-07,2,1895
128,TextComment_CC,2022-04-11,6751,2022-08-30,1,2045
129,TextComment_CC,2022-04-11,3531,2022-09-26,7,3511
130,TextComment_CC,2022-04-11,6471,2023-02-16,48,11396
131,TextComment_CC,2022-04-12,6953,2022-04-25,1,10053
132,TextComment_CC,2022-04-13,6079,2022-07-08,4,4898
133,TextComment_CC,2022-04-14,8948,2022-04-22,1,6406
134,TextComment_CC,2022-04-14,1866,2022-04-27,1,5319
135,TextComment_CC,2022-04-14,3803,2022-05-18,2,4767
136,TextComment_CC,2022-04-18,6234,2022-05-05,3,8319
137,TextComment_CC,2022-04-20,6049,2022-04-25,1,30231
138,TextComment_CC,2022-04-20,3479,2022-04-29,1,10707
139,TextComment_CC,2022-04-20,6737,2022-05-17,1,9702
140,TextComment_CC,2022-04-20,348010,2022-05-20,1,76
141,TextComment_CC,2022-04-21,9062,2022-06-09,6,15278
142,TextComment_CC,2022-04-21,6937,2022-06-15,1,653
143,TextComment_CC,2022-04-22,8948,2022-04-27,2,6721
144,TextComment_CC,2022-04-22,2500,2022-05-20,4,12657
145,TextComment_CC,2022-04-25,6049,2022-06-07,6,33061
146,TextComment_CC,2022-04-27,1729,2022-04-29,1,3090
147,TextComment_CC,2022-04-27,1866,2022-05-12,2,5385
148,TextComment_CC,2022-04-27,2126,2022-09-15,1,1310
149,TextComment_CC,2022-04-29,6953,2022-05-05,1,10264
150,TextComment_CC,2022-04-29,3479,2022-05-20,1,10859
151,TextComment_CC,2022-04-29,5635,2022-07-12,2,1610
152,TextComment_CC,2022-05-02,1729,2022-05-03,1,3128
153,TextComment_CC,2022-05-04,3505,2022-10-28,4,2605
154,TextComment_CC,2022-05-05,7368,2022-06-20,1,140
155,TextComment_CC,2022-05-06,7252,2022-05-11,1,1075
156,TextComment_CC,2022-05-06,8320,2022-11-04,5,2150
157,TextComment_CC,2022-05-10,8587,2022-06-06,1,2702
158,TextComment_CC,2022-05-10,7052,2022-09-09,3,1329
159,TextComment_CC,2022-05-11,2454,2022-07-29,3,3738
160,TextComment_CC,2022-05-11,6234,2022-08-02,7,8737
161,TextComment_CC,2022-05-12,6953,2022-05-20,1,10541
162,TextComment_CC,2022-05-12,1866,2022-06-01,3,5487
163,TextComment_CC,2022-05-12,6315,2022-06-06,2,5039
164,TextComment_CC,2022-05-12,1022,2022-09-09,1,202
165,TextComment_CC,2022-05-12,6568,2022-10-28,5,3044
166,TextComment_CC,2022-05-13,3427,2022-08-12,2,1917
167,TextComment_CC,2022-05-17,6738,2022-06-09,1,143
168,TextComment_CC,2022-05-17,8421,2022-08-23,3,3844
169,TextComment_CC,2022-05-18,3803,2022-06-20,1,4909
170,TextComment_CC,2022-05-19,3884,2022-06-17,1,1852
171,TextComment_CC,2022-05-19,1767,2022-10-07,1,1108
172,TextComment_CC,2022-05-20,6953,2022-06-01,2,10749
173,TextComment_CC,2022-05-20,2453,2023-05-10,35,6924
174,TextComment_CC,2022-05-23,8948,2022-05-31,1,7374
175,TextComment_CC,2022-05-24,3152,2023-05-05,5,2212
176,TextComment_CC,2022-05-25,3471,2022-06-24,1,519
177,TextComment_CC,2022-05-25,6737,2022-07-27,5,10284
178,TextComment_CC,2022-05-26,7799,2022-05-27,1,4449
179,TextComment_CC,2022-05-26,2500,2022-05-31,1,12824
180,TextComment_CC,2022-05-26,1729,2022-06-04,1,3237
181,TextComment_CC,2022-05-26,3479,2022-06-08,2,11006
182,TextComment_CC,2022-05-26,519176,2022-08-15,2,780
183,TextComment_CC,2022-05-26,2411,2023-01-29,11,4239
184,TextComment_CC,2022-05-27,7799,2022-06-20,2,4507
185,TextComment_CC,2022-06-01,6953,2022-07-01,3,11111
186,TextComment_CC,2022-06-02,2500,2022-06-30,4,13457
187,TextComment_CC,2022-06-02,6463,2022-11-21,1,1818
188,TextComment_CC,2022-06-03,8948,2022-06-07,1,7507
189,TextComment_CC,2022-06-04,1729,2022-06-08,1,3309
190,TextComment_CC,2022-06-06,6315,2022-07-13,1,5275
191,TextComment_CC,2022-06-06,3442,2022-08-04,1,1008
192,TextComment_CC,2022-06-06,5595,2022-10-17,3,3265
193,TextComment_CC,2022-06-07,8948,2022-06-09,1,7657
194,TextComment_CC,2022-06-07,6049,2022-06-13,1,33555
195,TextComment_CC,2022-06-07,8863,2022-07-06,4,12085
196,TextComment_CC,2022-06-08,1866,2022-06-13,1,5514
197,TextComment_CC,2022-06-08,5721,2022-07-28,1,573
198,TextComment_CC,2022-06-08,6883,2022-08-10,1,137
199,TextComment_CC,2022-06-09,8948,2022-06-20,1,7849
200,TextComment_CC,2022-06-09,7721,2022-09-02,9,10233
201,TextComment_CC,2022-06-09,238010,2022-10-20,2,1028
202,TextComment_CC,2022-06-09,9062,2022-12-28,27,19043
203,TextComment_CC,2022-06-13,123010,2022-06-20,1,1774
204,TextComment_CC,2022-06-13,6049,2022-06-27,3,35933
205,TextComment_CC,2022-06-13,3479,2022-06-30,3,11593
206,TextComment_CC,2022-06-14,5332,2022-10-28,3,1004
207,TextComment_CC,2022-06-15,7362,2022-07-06,1,465
208,TextComment_CC,2022-06-15,6465,2022-08-09,1,1709
209,TextComment_CC,2022-06-15,3524,2022-11-10,15,8310
210,TextComment_CC,2022-06-17,1729,2022-06-21,1,3360
211,TextComment_CC,2022-06-17,1866,2022-06-28,1,5575
212,TextComment_CC,2022-06-17,3884,2022-07-25,1,1882
213,TextComment_CC,2022-06-17,1688,2022-11-29,2,398
214,TextComment_CC,2022-06-20,3803,2022-06-28,1,5088
215,TextComment_CC,2022-06-21,6715,2022-08-22,1,2742
216,TextComment_CC,2022-06-22,8948,2022-06-27,1,7996
217,TextComment_CC,2022-06-22,4681,2022-10-07,2,2545
218,TextComment_CC,2022-06-23,8597,2022-06-30,1,9129
219,TextComment_CC,2022-06-23,1305,2022-07-19,1,1865
220,TextComment_CC,2022-06-27,535297,2023-02-28,1,30
221,TextComment_CC,2022-06-29,8948,2022-07-05,1,8152
222,TextComment_CC,2022-06-30,1025,2022-07-01,1,2634
223,TextComment_CC,2022-06-30,6942,2022-07-12,1,2802
224,TextComment_CC,2022-06-30,3479,2022-07-12,1,11711
225,TextComment_CC,2022-06-30,6633,2022-07-13,1,287
226,TextComment_CC,2022-06-30,8597,2022-07-29,3,9319
227,TextComment_CC,2022-06-30,6461,2022-08-09,3,3866
228,TextComment_CC,2022-07-01,7252,2022-07-06,1,1177
229,TextComment_CC,2022-07-01,6049,2022-07-21,3,37632
230,TextComment_CC,2022-07-01,6953,2022-07-28,1,11330
231,TextComment_CC,2022-07-05,123063,2022-07-11,1,1946
232,TextComment_CC,2022-07-05,8758,2022-07-14,1,1396
233,TextComment_CC,2022-07-05,2500,2022-09-15,6,14821
234,TextComment_CC,2022-07-05,3803,2022-09-30,6,5587
235,TextComment_CC,2022-07-05,3339,2023-03-17,28,5974
236,TextComment_CC,2022-07-06,8948,2022-07-14,1,8274
237,TextComment_CC,2022-07-08,123010,2022-07-18,1,2119
238,TextComment_CC,2022-07-08,3453,2022-07-21,1,4037
239,TextComment_CC,2022-07-11,123063,2022-10-07,2,2282
240,TextComment_CC,2022-07-12,1729,2022-07-19,1,3572
241,TextComment_CC,2022-07-12,3479,2022-08-12,5,12305
242,TextComment_CC,2022-07-13,6315,2022-10-10,7,6024
243,TextComment_CC,2022-07-14,4273,2022-10-31,4,3871
244,TextComment_CC,2022-07-14,3510,2023-02-16,4,1792
245,TextComment_CC,2022-07-15,2927,2022-12-05,4,3198
246,TextComment_CC,2022-07-15,5820,2023-05-10,1,42
247,TextComment_CC,2022-07-18,6942,2022-09-12,2,3035
248,TextComment_CC,2022-07-19,8948,2022-07-20,1,8570
249,TextComment_CC,2022-07-19,1305,2022-08-26,1,1928
250,TextComment_CC,2022-07-19,6746,2022-11-22,2,561
251,TextComment_CC,2022-07-20,1729,2022-07-25,1,3620
252,TextComment_CC,2022-07-20,8948,2022-08-01,1,8667
253,TextComment_CC,2022-07-20,3535,2022-09-30,1,1277
254,TextComment_CC,2022-07-21,6049,2022-08-12,3,39767
255,TextComment_CC,2022-07-21,6079,2022-08-22,3,5352
256,TextComment_CC,2022-07-21,3453,2022-10-27,2,4539
257,TextComment_CC,2022-07-22,6951,2022-07-25,1,15838
258,TextComment_CC,2022-07-22,1025,2022-07-25,1,2686
259,TextComment_CC,2022-07-22,6572,2022-08-12,2,2744
260,TextComment_CC,2022-07-25,3438,2022-08-29,1,517
261,TextComment_CC,2022-07-25,7799,2022-08-31,4,4933
262,TextComment_CC,2022-07-25,3884,2022-09-13,2,2116
263,TextComment_CC,2022-07-25,6951,2023-02-07,38,20766
264,TextComment_CC,2022-07-25,2459,2023-05-24,5,1306
265,TextComment_CC,2022-07-26,1025,2022-07-27,1,2726
266,TextComment_CC,2022-07-26,6937,2022-09-29,1,770
267,TextComment_CC,2022-07-27,6737,2022-08-08,2,10793
268,TextComment_CC,2022-07-28,1866,2022-07-29,1,5672
269,TextComment_CC,2022-07-28,1025,2022-08-03,1,2756
270,TextComment_CC,2022-07-28,6953,2022-08-16,3,11717
271,TextComment_CC,2022-07-28,6193,2023-01-11,11,5206
272,TextComment_CC,2022-07-29,7252,2022-08-03,1,1209
273,TextComment_CC,2022-07-29,8597,2022-08-22,2,9698
274,TextComment_CC,2022-07-29,522544,2023-06-28,48,7761
275,TextComment_CC,2022-08-01,1085,2022-08-30,1,1368
276,TextComment_CC,2022-08-02,5635,2022-09-20,1,1791
277,TextComment_CC,2022-08-02,3546,2022-10-13,2,2165
278,TextComment_CC,2022-08-02,6234,2022-11-08,9,9564
279,TextComment_CC,2022-08-03,8758,2022-08-09,1,1440
280,TextComment_CC,2022-08-03,1505,2023-01-10,22,35784
281,TextComment_CC,2022-08-05,1866,2022-08-09,1,5742
282,TextComment_CC,2022-08-08,8948,2022-08-12,1,8934
283,TextComment_CC,2022-08-08,6737,2022-08-25,1,10866
284,TextComment_CC,2022-08-08,3442,2022-10-26,3,1380
285,TextComment_CC,2022-08-08,3493,2023-01-10,2,1114
286,TextComment_CC,2022-08-09,6461,2022-10-31,2,3988
287,TextComment_CC,2022-08-09,6742,2022-11-10,1,1724
288,TextComment_CC,2022-08-09,6465,2022-11-28,3,1966
289,TextComment_CC,2022-08-10,342010,2022-11-10,5,4141
290,TextComment_CC,2022-08-11,7252,2022-08-16,1,1230
291,TextComment_CC,2022-08-12,1866,2022-08-16,1,5767
292,TextComment_CC,2022-08-12,8948,2022-08-17,1,9060
293,TextComment_CC,2022-08-12,6049,2022-09-06,4,42634
294,TextComment_CC,2022-08-12,1645,2022-10-07,3,2438
295,TextComment_CC,2022-08-15,3479,2022-08-26,2,12503
296,TextComment_CC,2022-08-15,3739,2023-03-29,11,3167
297,TextComment_CC,2022-08-16,7252,2022-08-25,1,1252
298,TextComment_CC,2022-08-17,14001,2022-11-22,8,9243
299,TextComment_CC,2022-08-18,6953,2022-09-02,2,11931
300,TextComment_CC,2022-08-18,8948,2022-09-06,2,9298
301,TextComment_CC,2022-08-22,6715,2022-09-28,2,2955
302,TextComment_CC,2022-08-22,8597,2022-10-15,7,10285
303,TextComment_CC,2022-08-22,6079,2022-10-26,5,5962
304,TextComment_CC,2022-08-23,8421,2022-10-07,2,4195
305,TextComment_CC,2022-08-24,1866,2022-08-29,2,5806
306,TextComment_CC,2022-08-25,6737,2022-09-12,3,11150
307,TextComment_CC,2022-08-26,3479,2022-09-28,4,12847
308,TextComment_CC,2022-08-29,3735,2022-09-28,4,7461
309,TextComment_CC,2022-08-30,1729,2022-08-31,1,3835
310,TextComment_CC,2022-08-30,1085,2022-10-12,1,1938
311,TextComment_CC,2022-08-30,3438,2022-11-17,2,529
312,TextComment_CC,2022-08-31,7799,2022-09-26,2,5113
313,TextComment_CC,2022-09-01,1025,2022-09-02,1,2913
314,TextComment_CC,2022-09-01,6893,2022-10-06,1,1816
315,TextComment_CC,2022-09-02,6612,2022-09-09,1,913
316,TextComment_CC,2022-09-02,1866,2022-09-13,2,5853
317,TextComment_CC,2022-09-02,6953,2022-09-13,1,11923
318,TextComment_CC,2022-09-06,6049,2022-09-28,2,44198
319,TextComment_CC,2022-09-06,7721,2022-10-21,7,10854
320,TextComment_CC,2022-09-08,8948,2022-09-09,1,9435
321,TextComment_CC,2022-09-08,1025,2022-09-21,2,3016
322,TextComment_CC,2022-09-08,6633,2022-11-10,1,425
323,TextComment_CC,2022-09-09,8948,2022-09-22,1,9569
324,TextComment_CC,2022-09-09,7052,2023-01-10,1,1446
325,TextComment_CC,2022-09-12,6612,2022-10-06,1,947
326,TextComment_CC,2022-09-13,6953,2022-09-20,1,11995
327,TextComment_CC,2022-09-13,6737,2022-10-10,3,11545
328,TextComment_CC,2022-09-13,8587,2022-10-27,4,3991
329,TextComment_CC,2022-09-14,554297,2023-06-27,3,1302
330,TextComment_CC,2022-09-15,2500,2022-10-13,3,15537
331,TextComment_CC,2022-09-15,2126,2023-05-05,2,1727
332,TextComment_CC,2022-09-16,123010,2022-10-09,1,2907
333,TextComment_CC,2022-09-20,6953,2022-09-22,1,12071
334,TextComment_CC,2022-09-20,6572,2022-11-04,2,3116
335,TextComment_CC,2022-09-22,1025,2022-09-29,1,3051
336,TextComment_CC,2022-09-22,8948,2022-09-29,1,9832
337,TextComment_CC,2022-09-22,6953,2022-09-30,1,12050
338,TextComment_CC,2022-09-26,3531,2022-10-07,1,3564
339,TextComment_CC,2022-09-26,7450,2022-10-11,1,1312
340,TextComment_CC,2022-09-26,7799,2023-01-28,6,5704
341,TextComment_CC,2022-09-28,6049,2022-09-29,1,44726
342,TextComment_CC,2022-09-28,3735,2023-01-04,11,8684
343,TextComment_CC,2022-09-29,8948,2022-10-06,1,9990
344,TextComment_CC,2022-09-29,1866,2022-10-07,1,5911
345,TextComment_CC,2022-09-29,6049,2022-10-12,2,46011
346,TextComment_CC,2022-09-29,6937,2022-10-27,1,823
347,TextComment_CC,2022-10-03,6953,2022-10-14,1,12169
348,TextComment_CC,2022-10-03,6715,2023-01-06,2,3207
349,TextComment_CC,2022-10-04,1305,2022-10-10,1,2042
350,TextComment_CC,2022-10-05,3884,2022-11-07,2,2293
351,TextComment_CC,2022-10-06,3803,2022-10-13,1,5747
352,TextComment_CC,2022-10-06,3535,2022-11-07,1,1445
353,TextComment_CC,2022-10-07,3479,2022-10-17,1,13148
354,TextComment_CC,2022-10-07,1645,2022-10-27,1,2459
355,TextComment_CC,2022-10-07,8421,2022-11-22,3,4374
356,TextComment_CC,2022-10-07,3531,2022-12-22,3,3795
357,TextComment_CC,2022-10-07,4681,2023-02-16,2,2914
358,TextComment_CC,2022-10-07,2987,2023-04-17,3,2461
359,TextComment_CC,2022-10-07,1767,2023-05-05,2,1346
360,TextComment_CC,2022-10-07,6893,2023-05-11,4,2650
361,TextComment_CC,2022-10-10,6315,2022-10-28,2,6315
362,TextComment_CC,2022-10-10,6751,2022-11-08,2,2632
363,TextComment_CC,2022-10-10,6737,2022-11-10,4,11732
364,TextComment_CC,2022-10-11,8948,2022-10-12,1,10113
365,TextComment_CC,2022-10-11,7396,2022-10-31,1,1943
366,TextComment_CC,2022-10-11,6952,2023-03-22,50,10426
367,TextComment_CC,2022-10-12,1866,2022-10-15,1,5937
368,TextComment_CC,2022-10-12,6049,2022-10-19,1,46702
369,TextComment_CC,2022-10-12,7252,2022-10-20,1,1392
370,TextComment_CC,2022-10-12,8948,2022-10-25,1,10247
371,TextComment_CC,2022-10-12,6942,2022-10-31,1,3306
372,TextComment_CC,2022-10-13,3546,2022-12-20,2,2398
373,TextComment_CC,2022-10-13,2500,2023-01-10,12,16836
374,TextComment_CC,2022-10-15,8597,2022-11-21,3,10782
375,TextComment_CC,2022-10-17,3479,2022-10-19,1,13185
376,TextComment_CC,2022-10-17,5595,2023-02-17,3,3503
377,TextComment_CC,2022-10-18,1025,2022-10-19,1,3166
378,TextComment_CC,2022-10-19,1729,2022-10-20,1,4121
379,TextComment_CC,2022-10-19,1085,2023-04-28,14,4494
380,TextComment_CC,2022-10-20,519176,2022-10-26,1,976
381,TextComment_CC,2022-10-20,6049,2022-10-30,1,47356
382,TextComment_CC,2022-10-21,6953,2022-11-08,1,12270
383,TextComment_CC,2022-10-21,7721,2022-12-14,7,11510
384,TextComment_CC,2022-10-25,8948,2022-10-31,1,10361
385,TextComment_CC,2022-10-26,6844,2022-10-28,1,4967
386,TextComment_CC,2022-10-26,3427,2022-11-07,1,2065
387,TextComment_CC,2022-10-26,6079,2023-01-10,6,6357
388,TextComment_CC,2022-10-27,5699,2022-10-28,1,2395
389,TextComment_CC,2022-10-27,5740,2022-10-31,1,1510
390,TextComment_CC,2022-10-27,3721,2022-11-09,1,2099
391,TextComment_CC,2022-10-27,1645,2022-11-11,1,2582
392,TextComment_CC,2022-10-27,8477,2023-01-10,2,1806
393,TextComment_CC,2022-10-27,6074,2023-01-10,1,1082
394,TextComment_CC,2022-10-27,2560,2023-02-17,1,1449
395,TextComment_CC,2022-10-27,8978,2023-05-05,64,9102
396,TextComment_CC,2022-10-28,6568,2022-11-02,2,4546
397,TextComment_CC,2022-10-31,4273,2022-11-22,1,4188
398,TextComment_CC,2022-10-31,6942,2022-11-23,1,3389
399,TextComment_CC,2022-10-31,6461,2023-06-30,19,4952
400,TextComment_CC,2022-10-31,5740,2023-07-14,10,2414
401,TextComment_CC,2022-11-01,8948,2022-11-08,1,10598
402,TextComment_CC,2022-11-01,3559,2023-05-10,4,2059
403,TextComment_CC,2022-11-01,7402,2023-05-16,19,4665
404,TextComment_CC,2022-11-01,2210,2023-06-14,8,2946
405,TextComment_CC,2022-11-02,6049,2022-11-08,2,48786
406,TextComment_CC,2022-11-02,3479,2022-11-08,1,13451
407,TextComment_CC,2022-11-02,6315,2022-11-10,2,6401
408,TextComment_CC,2022-11-02,3490,2022-12-21,2,4265
409,TextComment_CC,2022-11-02,4661,2023-05-10,4,922
410,TextComment_CC,2022-11-03,7450,2022-11-11,1,1452
411,TextComment_CC,2022-11-04,123010,2022-11-07,1,3365
412,TextComment_CC,2022-11-04,1025,2022-11-08,1,3300
413,TextComment_CC,2022-11-04,1866,2022-11-10,1,5992
414,TextComment_CC,2022-11-04,6572,2022-12-02,2,3246
415,TextComment_CC,2022-11-04,1888,2023-03-21,1,351
416,TextComment_CC,2022-11-04,123063,2023-05-11,10,4338
417,TextComment_CC,2022-11-07,3427,2023-01-10,1,2215
418,TextComment_CC,2022-11-07,3884,2023-02-08,4,2491
419,TextComment_CC,2022-11-07,5699,2023-02-28,5,3293
420,TextComment_CC,2022-11-08,1729,2022-11-10,1,4234
421,TextComment_CC,2022-11-08,2478,2022-11-10,1,6394
422,TextComment_CC,2022-11-08,6953,2022-11-14,2,12266
423,TextComment_CC,2022-11-08,1847,2022-11-22,1,4688
424,TextComment_CC,2022-11-08,6234,2022-11-30,3,9626
425,TextComment_CC,2022-11-08,123024,2022-12-12,1,842
426,TextComment_CC,2022-11-09,6957,2023-02-08,4,3098
427,TextComment_CC,2022-11-10,6315,2022-11-22,1,6458
428,TextComment_CC,2022-11-10,8151,2022-11-23,1,1053
429,TextComment_CC,2022-11-10,6737,2022-12-05,3,12046
430,TextComment_CC,2022-11-10,6742,2022-12-30,1,1884
431,TextComment_CC,2022-11-10,8320,2023-03-28,5,2324
432,TextComment_CC,2022-11-10,3524,2023-04-05,47,8945
433,TextComment_CC,2022-11-10,4421,2023-05-05,1,868
434,TextComment_CC,2022-11-10,5068,2023-05-10,74,13558
435,TextComment_CC,2022-11-10,3422,2023-05-22,63,10659
436,TextComment_CC,2022-11-11,3803,2022-11-14,1,5950
437,TextComment_CC,2022-11-11,8948,2022-11-22,1,10722
438,TextComment_CC,2022-11-14,2478,2022-11-23,2,6445
439,TextComment_CC,2022-11-14,6751,2022-11-23,2,2795
440,TextComment_CC,2022-11-14,3803,2022-12-05,2,6026
441,TextComment_CC,2022-11-14,7396,2023-01-03,1,2167
442,TextComment_CC,2022-11-14,3171,2023-01-04,4,3505
443,TextComment_CC,2022-11-15,123010,2022-11-17,1,3543
444,TextComment_CC,2022-11-15,1025,2022-11-17,1,3346
445,TextComment_CC,2022-11-15,1866,2022-11-18,1,6011
446,TextComment_CC,2022-11-15,6049,2022-11-22,2,49973
447,TextComment_CC,2022-11-16,1729,2022-11-17,1,4289
448,TextComment_CC,2022-11-16,3479,2022-11-18,1,13534
449,TextComment_CC,2022-11-17,1025,2022-11-29,1,3356
450,TextComment_CC,2022-11-18,2458,2023-07-06,8,3521
451,TextComment_CC,2022-11-21,3479,2022-12-02,2,13656
452,TextComment_CC,2022-11-21,8597,2023-05-05,58,12333
453,TextComment_CC,2022-11-21,6568,2023-05-18,34,7739
454,TextComment_CC,2022-11-22,6315,2022-11-28,1,6484
455,TextComment_CC,2022-11-22,8948,2022-11-30,1,10797
456,TextComment_CC,2022-11-22,14001,2022-12-06,3,9565
457,TextComment_CC,2022-11-22,8362,2022-12-08,1,2122
458,TextComment_CC,2022-11-22,6049,2022-12-09,2,51373
459,TextComment_CC,2022-11-22,8421,2022-12-09,1,4450
460,TextComment_CC,2022-11-22,1847,2023-01-06,3,4777
461,TextComment_CC,2022-11-22,5393,2023-02-22,2,2604
462,TextComment_CC,2022-11-23,4273,2022-11-29,1,4258
463,TextComment_CC,2022-11-23,8151,2023-01-09,1,1117
464,TextComment_CC,2022-11-23,3466,2023-05-04,1,694
465,TextComment_CC,2022-11-24,2478,2022-12-01,1,6485
466,TextComment_CC,2022-11-28,3535,2023-02-15,2,1558
467,TextComment_CC,2022-11-28,6315,2023-02-27,17,7068
468,TextComment_CC,2022-11-29,4273,2022-12-08,2,4389
469,TextComment_CC,2022-11-30,1866,2022-12-01,1,6019
470,TextComment_CC,2022-11-30,6953,2022-12-05,1,12338
471,TextComment_CC,2022-11-30,8948,2022-12-05,1,10943
472,TextComment_CC,2022-11-30,6751,2023-01-27,2,3054
473,TextComment_CC,2022-11-30,5635,2023-02-01,2,1990
474,TextComment_CC,2022-11-30,6234,2023-04-13,56,10526
475,TextComment_CC,2022-12-01,6395,2022-12-04,1,11131
476,TextComment_CC,2022-12-01,123010,2022-12-04,1,3726
477,TextComment_CC,2022-12-02,3479,2022-12-16,2,13786
478,TextComment_CC,2022-12-05,7450,2022-12-07,1,1643
479,TextComment_CC,2022-12-05,8948,2022-12-12,1,11068
480,TextComment_CC,2022-12-05,1025,2022-12-21,1,3467
481,TextComment_CC,2022-12-05,1305,2023-01-03,1,2228
482,TextComment_CC,2022-12-05,6737,2023-01-04,4,12263
483,TextComment_CC,2022-12-05,3803,2023-01-10,3,6173
484,TextComment_CC,2022-12-06,14001,2022-12-22,1,9718
485,TextComment_CC,2022-12-07,519505,2022-12-13,1,183
486,TextComment_CC,2022-12-07,6953,2023-01-10,3,12452
487,TextComment_CC,2022-12-07,2927,2023-02-22,5,3477
488,TextComment_CC,2022-12-08,4273,2023-02-27,4,4802
489,TextComment_CC,2022-12-09,6942,2022-12-12,1,3448
490,TextComment_CC,2022-12-09,6049,2023-01-17,5,53975
491,TextComment_CC,2022-12-09,8421,2023-03-17,13,4916
492,TextComment_CC,2022-12-09,1645,2023-05-04,11,3362
493,TextComment_CC,2022-12-12,8948,2022-12-28,2,11302
494,TextComment_CC,2022-12-12,123024,2023-01-17,1,990
495,TextComment_CC,2022-12-12,6942,2023-02-23,2,3719
496,TextComment_CC,2022-12-13,1729,2022-12-15,1,4431
497,TextComment_CC,2022-12-13,2478,2022-12-28,1,6606
498,TextComment_CC,2022-12-13,3721,2023-03-08,2,2310
499,TextComment_CC,2022-12-13,519505,2023-04-14,1,231
500,TextComment_CC,2022-12-13,3460,2023-05-10,3,2580
501,TextComment_CC,2022-12-13,1806,2023-06-01,1,531
502,TextComment_CC,2022-12-14,7721,2023-01-26,6,12272
503,TextComment_CC,2022-12-15,3455,2023-01-31,1,46
504,TextComment_CC,2022-12-16,1729,2022-12-22,1,4415
505,TextComment_CC,2022-12-16,3479,2022-12-29,1,13818
506,TextComment_CC,2022-12-16,3500,2023-01-10,1,1276
507,TextComment_CC,2022-12-21,1866,2022-12-22,1,6073
508,TextComment_CC,2022-12-21,123010,2022-12-28,1,3906
509,TextComment_CC,2022-12-21,1025,2022-12-30,2,3513
510,TextComment_CC,2022-12-21,6119,2023-02-03,6,7277
511,TextComment_CC,2022-12-22,1866,2022-12-27,1,6089
512,TextComment_CC,2022-12-22,3531,2023-02-23,6,4131
513,TextComment_CC,2022-12-24,1729,2022-12-28,1,4460
514,TextComment_CC,2022-12-28,2478,2023-01-03,2,6718
515,TextComment_CC,2022-12-28,14001,2023-01-08,1,9785
516,TextComment_CC,2022-12-28,8948,2023-01-10,1,11476
517,TextComment_CC,2022-12-28,9062,2023-01-27,9,19658
518,TextComment_CC,2022-12-28,6738,2023-05-10,1,1273
519,TextComment_CC,2022-12-29,3479,2023-01-04,1,13855
520,TextComment_CC,2022-12-30,6742,2023-02-01,1,1991
521,TextComment_CC,2022-12-30,3546,2023-02-24,3,2581
522,TextComment_CC,2023-01-03,7396,2023-02-16,1,2333
523,TextComment_CC,2023-01-03,3490,2023-05-10,12,5038
524,TextComment_CC,2023-01-04,1866,2023-01-05,1,6102
525,TextComment_CC,2023-01-04,3479,2023-01-06,1,13909
526,TextComment_CC,2023-01-04,6737,2023-02-01,6,12451
527,TextComment_CC,2023-01-04,3735,2023-03-07,25,9428
528,TextComment_CC,2023-01-04,3514,2023-03-08,1,1190
529,TextComment_CC,2023-01-05,123010,2023-01-10,1,3968
530,TextComment_CC,2023-01-06,1729,2023-01-09,1,4531
531,TextComment_CC,2023-01-06,1847,2023-01-11,1,4854
532,TextComment_CC,2023-01-06,3442,2023-01-17,1,1613
533,TextComment_CC,2023-01-06,6715,2023-02-08,1,3354
534,TextComment_CC,2023-01-08,14001,2023-01-18,2,10019
535,TextComment_CC,2023-01-09,1305,2023-02-03,1,2285
536,TextComment_CC,2023-01-10,1025,2023-01-11,1,3583
537,TextComment_CC,2023-01-10,3803,2023-01-13,1,6223
538,TextComment_CC,2023-01-10,6953,2023-01-16,1,12507
539,TextComment_CC,2023-01-10,1505,2023-01-17,1,35944
540,TextComment_CC,2023-01-10,8948,2023-01-19,2,11749
541,TextComment_CC,2023-01-10,7450,2023-01-19,1,1770
542,TextComment_CC,2023-01-10,2478,2023-01-25,6,6857
543,TextComment_CC,2023-01-10,3427,2023-01-27,1,2345
544,TextComment_CC,2023-01-10,3500,2023-02-08,2,1313
545,TextComment_CC,2023-01-10,3491,2023-02-16,12,13160
546,TextComment_CC,2023-01-10,7282,2023-03-17,2,1335
547,TextComment_CC,2023-01-10,6502,2023-04-03,2,1352
548,TextComment_CC,2023-01-10,6074,2023-04-05,1,1292
549,TextComment_CC,2023-01-10,2500,2023-04-10,64,18396
550,TextComment_CC,2023-01-10,6079,2023-05-05,37,7396
551,TextComment_CC,2023-01-10,7416,2023-05-10,1,700
552,TextComment_CC,2023-01-10,3493,2023-05-10,3,1448
553,TextComment_CC,2023-01-11,1847,2023-02-13,3,5007
554,TextComment_CC,2023-01-11,6193,2023-03-29,19,6129
555,TextComment_CC,2023-01-12,3479,2023-01-16,2,14038
556,TextComment_CC,2023-01-12,1866,2023-01-16,1,6135
557,TextComment_CC,2023-01-12,3471,2023-01-26,1,1201
558,TextComment_CC,2023-01-16,6953,2023-01-27,5,12619
559,TextComment_CC,2023-01-16,4827,2023-01-31,1,1500
560,TextComment_CC,2023-01-17,6612,2023-01-19,1,1170
561,TextComment_CC,2023-01-17,123010,2023-01-26,1,4166
562,TextComment_CC,2023-01-17,6049,2023-02-13,24,56075
563,TextComment_CC,2023-01-17,1505,2023-04-28,85,37814
564,TextComment_CC,2023-01-18,14001,2023-01-26,2,10115
565,TextComment_CC,2023-01-18,8362,2023-02-16,1,2322
566,TextComment_CC,2023-01-19,3479,2023-01-24,1,14043
567,TextComment_CC,2023-01-19,1866,2023-01-25,1,6163
568,TextComment_CC,2023-01-19,8948,2023-02-09,6,12056
569,TextComment_CC,2023-01-24,3479,2023-01-31,5,14112
570,TextComment_CC,2023-01-24,3442,2023-02-21,1,1682
571,TextComment_CC,2023-01-25,2478,2023-02-01,3,6876
572,TextComment_CC,2023-01-25,7362,2023-04-11,1,1003
573,TextComment_CC,2023-01-25,562312,2023-06-19,1,10
574,TextComment_CC,2023-01-26,123010,2023-01-27,1,4215
575,TextComment_CC,2023-01-26,1866,2023-01-30,1,6197
576,TextComment_CC,2023-01-26,3803,2023-02-01,1,6284
577,TextComment_CC,2023-01-26,6612,2023-02-08,1,1182
578,TextComment_CC,2023-01-26,14001,2023-02-13,11,10315
579,TextComment_CC,2023-01-26,7721,2023-03-24,32,13119
580,TextComment_CC,2023-01-26,2389,2023-04-19,1,801
581,TextComment_CC,2023-01-27,123010,2023-02-02,1,4294
582,TextComment_CC,2023-01-27,6953,2023-02-03,2,12686
583,TextComment_CC,2023-01-27,9062,2023-02-08,8,19888
584,TextComment_CC,2023-01-27,6751,2023-05-11,3,3238
585,TextComment_CC,2023-01-28,7799,2023-02-07,6,5785
586,TextComment_CC,2023-01-29,2411,2023-03-22,4,4394
587,TextComment_CC,2023-01-30,1866,2023-01-31,1,6206
588,TextComment_CC,2023-01-30,6770,2023-05-10,1,1259
589,TextComment_CC,2023-01-31,3479,2023-02-14,10,14214
590,TextComment_CC,2023-02-01,1866,2023-02-02,1,6224
591,TextComment_CC,2023-02-01,2478,2023-02-13,6,6935
592,TextComment_CC,2023-02-01,6737,2023-03-01,11,12596
593,TextComment_CC,2023-02-02,8758,2023-02-07,1,1918
594,TextComment_CC,2023-02-02,7450,2023-02-14,1,1825
595,TextComment_CC,2023-02-03,1866,2023-02-06,1,6229
596,TextComment_CC,2023-02-03,3803,2023-02-06,1,6296
597,TextComment_CC,2023-02-03,6953,2023-02-06,2,12691
598,TextComment_CC,2023-02-03,6119,2023-02-14,2,7387
599,TextComment_CC,2023-02-06,6953,2023-02-07,1,12694
600,TextComment_CC,2023-02-06,1866,2023-02-10,2,6253
601,TextComment_CC,2023-02-07,6951,2023-02-08,1,20792
602,TextComment_CC,2023-02-07,3803,2023-02-08,1,6311
603,TextComment_CC,2023-02-07,1305,2023-02-23,1,2314
604,TextComment_CC,2023-02-07,7799,2023-02-27,1,5865
605,TextComment_CC,2023-02-07,1485,2023-04-10,7,5434
606,TextComment_CC,2023-02-08,3803,2023-02-09,1,6316
607,TextComment_CC,2023-02-08,123010,2023-02-13,1,4378
608,TextComment_CC,2023-02-08,6951,2023-02-15,6,20975
609,TextComment_CC,2023-02-08,6953,2023-02-15,4,12756
610,TextComment_CC,2023-02-08,9062,2023-03-04,22,20526
611,TextComment_CC,2023-02-08,1928,2023-03-10,7,6795
612,TextComment_CC,2023-02-08,3884,2023-03-24,4,2691
613,TextComment_CC,2023-02-08,6715,2023-04-14,4,3685
614,TextComment_CC,2023-02-08,6957,2023-04-27,2,2615
615,TextComment_CC,2023-02-09,8948,2023-02-13,3,12193
616,TextComment_CC,2023-02-09,3803,2023-02-16,1,6317
617,TextComment_CC,2023-02-09,5635,2023-03-10,2,2053
618,TextComment_CC,2023-02-09,3500,2023-04-13,2,1389
619,TextComment_CC,2023-02-09,8151,2023-04-28,1,1132
620,TextComment_CC,2023-02-10,1866,2023-02-14,1,6266
621,TextComment_CC,2023-02-13,8948,2023-02-14,1,12226
622,TextComment_CC,2023-02-13,2478,2023-02-17,1,6979
623,TextComment_CC,2023-02-13,14001,2023-02-27,6,10433
624,TextComment_CC,2023-02-13,6049,2023-03-15,30,58194
625,TextComment_CC,2023-02-13,3563,2023-06-21,1,421
626,TextComment_CC,2023-02-14,3479,2023-02-20,4,14248
627,TextComment_CC,2023-02-14,6119,2023-03-21,15,7704
628,TextComment_CC,2023-02-14,6742,2023-07-14,6,2196
629,TextComment_CC,2023-02-15,6953,2023-02-16,1,12764
630,TextComment_CC,2023-02-15,8948,2023-02-21,3,12322
631,TextComment_CC,2023-02-15,1866,2023-02-21,1,6283
632,TextComment_CC,2023-02-15,6951,2023-03-01,13,21276
633,TextComment_CC,2023-02-15,3535,2023-05-05,2,2195
634,TextComment_CC,2023-02-16,6471,2023-03-07,10,11623
635,TextComment_CC,2023-02-16,2521,2023-03-21,1,870
636,TextComment_CC,2023-02-16,3491,2023-05-05,47,14379
637,TextComment_CC,2023-02-17,3803,2023-02-20,1,6362
638,TextComment_CC,2023-02-17,6612,2023-02-24,1,1192
639,TextComment_CC,2023-02-17,8758,2023-03-06,2,2003
640,TextComment_CC,2023-02-17,2478,2023-03-27,13,7259
641,TextComment_CC,2023-02-20,3479,2023-02-23,1,14241
642,TextComment_CC,2023-02-20,3803,2023-02-24,1,6364
643,TextComment_CC,2023-02-21,1729,2023-02-23,1,4727
644,TextComment_CC,2023-02-21,8948,2023-02-23,1,12389
645,TextComment_CC,2023-02-21,6953,2023-02-23,1,12779
646,TextComment_CC,2023-02-21,123010,2023-02-25,3,4570
647,TextComment_CC,2023-02-22,5393,2023-07-06,4,2952
648,TextComment_CC,2023-02-23,1866,2023-02-27,1,6297
649,TextComment_CC,2023-02-23,6953,2023-02-27,1,12802
650,TextComment_CC,2023-02-23,3479,2023-03-21,17,14438
651,TextComment_CC,2023-02-23,3531,2023-03-21,2,4236
652,TextComment_CC,2023-02-23,7396,2023-04-03,1,2775
653,TextComment_CC,2023-02-23,3504,2023-05-05,32,9417
654,TextComment_CC,2023-02-24,8948,2023-02-27,2,12491
655,TextComment_CC,2023-02-24,2560,2023-04-05,1,1835
656,TextComment_CC,2023-02-24,3546,2023-04-25,1,2612
657,TextComment_CC,2023-02-24,6228,2023-06-20,2,1077
658,TextComment_CC,2023-02-27,6953,2023-03-01,1,12802
659,TextComment_CC,2023-02-27,8948,2023-03-02,3,12578
660,TextComment_CC,2023-02-27,7799,2023-03-03,1,5999
661,TextComment_CC,2023-02-27,4273,2023-03-03,1,4829
662,TextComment_CC,2023-02-27,8362,2023-03-08,1,2481
663,TextComment_CC,2023-02-27,123010,2023-03-12,2,4779
664,TextComment_CC,2023-02-27,14001,2023-03-13,8,10559
665,TextComment_CC,2023-02-27,6315,2023-03-21,5,7219
666,TextComment_CC,2023-02-27,3510,2023-05-05,1,2029
667,TextComment_CC,2023-02-27,8721,2023-05-05,4,4830
668,TextComment_CC,2023-02-27,1625,2023-05-08,1,1924
669,TextComment_CC,2023-02-28,2927,2023-03-10,1,3576
670,TextComment_CC,2023-02-28,5699,2023-05-10,2,3804
671,TextComment_CC,2023-03-01,6953,2023-03-02,1,12828
672,TextComment_CC,2023-03-01,6951,2023-03-10,9,21533
673,TextComment_CC,2023-03-01,6737,2023-04-06,15,12647
674,TextComment_CC,2023-03-02,6953,2023-03-03,1,12835
675,TextComment_CC,2023-03-02,8948,2023-03-06,1,12649
676,TextComment_CC,2023-03-03,3803,2023-03-06,1,6447
677,TextComment_CC,2023-03-03,6953,2023-03-06,1,12839
678,TextComment_CC,2023-03-03,4273,2023-04-24,5,5061
679,TextComment_CC,2023-03-03,7799,2023-05-10,11,6403
680,TextComment_CC,2023-03-06,6953,2023-03-08,2,12846
681,TextComment_CC,2023-03-06,8948,2023-03-08,2,12713
682,TextComment_CC,2023-03-06,3803,2023-03-08,1,6464
683,TextComment_CC,2023-03-07,1866,2023-03-08,1,6341
684,TextComment_CC,2023-03-07,3735,2023-03-09,2,9485
685,TextComment_CC,2023-03-07,6471,2023-03-17,5,11824
686,TextComment_CC,2023-03-07,1025,2023-03-21,1,3823
687,TextComment_CC,2023-03-08,3803,2023-03-09,1,6489
688,TextComment_CC,2023-03-08,6953,2023-03-10,1,12857
689,TextComment_CC,2023-03-08,8948,2023-03-13,2,12814
690,TextComment_CC,2023-03-08,1866,2023-03-23,3,6368
691,TextComment_CC,2023-03-08,3514,2023-04-25,2,1206
692,TextComment_CC,2023-03-09,1305,2023-03-10,1,2364
693,TextComment_CC,2023-03-09,3735,2023-03-10,1,9500
694,TextComment_CC,2023-03-10,1729,2023-03-15,1,4790
695,TextComment_CC,2023-03-10,1928,2023-03-21,5,6915
696,TextComment_CC,2023-03-10,6953,2023-03-27,7,12934
697,TextComment_CC,2023-03-10,2927,2023-03-29,4,3678
698,TextComment_CC,2023-03-10,6951,2023-03-30,17,21965
699,TextComment_CC,2023-03-10,3735,2023-05-05,27,10297
700,TextComment_CC,2023-03-13,1305,2023-03-20,1,2380
701,TextComment_CC,2023-03-13,3803,2023-03-21,2,6549
702,TextComment_CC,2023-03-13,8948,2023-04-06,13,13336
703,TextComment_CC,2023-03-13,14001,2023-04-11,17,10940
704,TextComment_CC,2023-03-14,123010,2023-03-28,2,4951
705,TextComment_CC,2023-03-15,6049,2023-03-23,8,58864
706,TextComment_CC,2023-03-17,1729,2023-03-22,1,4832
707,TextComment_CC,2023-03-17,8421,2023-04-12,3,5023
708,TextComment_CC,2023-03-17,3339,2023-05-05,11,6260
709,TextComment_CC,2023-03-17,6471,2023-05-05,30,12442
710,TextComment_CC,2023-03-17,7282,2023-05-10,1,1524
711,TextComment_CC,2023-03-21,1928,2023-03-30,3,6992
712,TextComment_CC,2023-03-21,2521,2023-04-10,1,907
713,TextComment_CC,2023-03-21,6315,2023-04-11,8,7383
714,TextComment_CC,2023-03-21,3442,2023-04-21,2,1820
715,TextComment_CC,2023-03-21,3479,2023-05-10,31,14840
716,TextComment_CC,2023-03-21,3492,2023-06-02,5,5043
717,TextComment_CC,2023-03-21,3531,2023-06-07,7,4610
718,TextComment_CC,2023-03-22,3803,2023-03-27,1,6552
719,TextComment_CC,2023-03-22,6952,2023-05-05,19,11239
720,TextComment_CC,2023-03-22,6634,2023-05-10,1,2240
721,TextComment_CC,2023-03-23,6049,2023-03-27,4,59162
722,TextComment_CC,2023-03-23,1866,2023-03-27,1,6387
723,TextComment_CC,2023-03-24,7721,2023-04-04,6,13285
724,TextComment_CC,2023-03-24,520413,2023-05-05,42,27992
725,TextComment_CC,2023-03-27,1025,2023-03-28,1,3900
726,TextComment_CC,2023-03-27,1729,2023-03-29,1,4834
727,TextComment_CC,2023-03-27,2478,2023-03-31,1,7264
728,TextComment_CC,2023-03-27,6049,2023-04-03,7,59615
729,TextComment_CC,2023-03-27,6953,2023-04-03,4,12962
730,TextComment_CC,2023-03-28,8320,2023-04-26,1,2335
731,TextComment_CC,2023-03-28,583875,2023-05-05,1,1878
732,TextComment_CC,2023-03-29,2927,2023-05-10,1,3734
733,TextComment_CC,2023-03-30,1928,2023-05-05,16,7368
734,TextComment_CC,2023-03-30,6951,2023-05-10,38,22889
735,TextComment_CC,2023-03-31,1866,2023-04-03,1,6426
736,TextComment_CC,2023-03-31,1729,2023-04-06,1,4862
737,TextComment_CC,2023-03-31,123010,2023-04-08,2,5021
738,TextComment_CC,2023-03-31,6942,2023-04-10,1,3891
739,TextComment_CC,2023-03-31,2478,2023-05-02,12,7449
740,TextComment_CC,2023-04-03,6049,2023-04-12,9,60202
741,TextComment_CC,2023-04-03,7396,2023-05-15,4,3072
742,TextComment_CC,2023-04-03,5231,2023-06-22,1,319
743,TextComment_CC,2023-04-04,1866,2023-04-05,1,6434
744,TextComment_CC,2023-04-04,7721,2023-04-10,6,13361
745,TextComment_CC,2023-04-04,6953,2023-04-19,6,13064
746,TextComment_CC,2023-04-04,6502,2023-06-08,1,1421
747,TextComment_CC,2023-04-05,3803,2023-04-08,1,6641
748,TextComment_CC,2023-04-05,1025,2023-04-27,2,4075
749,TextComment_CC,2023-04-06,8758,2023-04-09,1,2120
750,TextComment_CC,2023-04-06,1866,2023-04-10,1,6449
751,TextComment_CC,2023-04-06,6737,2023-04-12,3,12647
752,TextComment_CC,2023-04-06,8948,2023-04-13,2,13553
753,TextComment_CC,2023-04-07,7252,2023-04-27,2,1703
754,TextComment_CC,2023-04-08,3803,2023-04-10,1,6651
755,TextComment_CC,2023-04-10,3803,2023-04-13,1,6667
756,TextComment_CC,2023-04-10,6942,2023-04-17,2,3890
757,TextComment_CC,2023-04-10,7721,2023-04-17,5,13479
758,TextComment_CC,2023-04-10,2500,2023-05-08,23,19007
759,TextComment_CC,2023-04-10,1485,2023-05-11,6,5549
760,TextComment_CC,2023-04-11,1729,2023-04-13,1,4904
761,TextComment_CC,2023-04-11,6315,2023-04-25,2,7459
762,TextComment_CC,2023-04-11,14001,2023-05-10,16,11276
763,TextComment_CC,2023-04-12,8421,2023-04-21,1,5054
764,TextComment_CC,2023-04-12,6049,2023-05-05,23,62073
765,TextComment_CC,2023-04-12,6737,2023-05-05,14,12577
766,TextComment_CC,2023-04-12,8362,2023-05-09,1,2716
767,TextComment_CC,2023-04-13,8948,2023-04-17,1,13586
768,TextComment_CC,2023-04-13,3803,2023-04-20,1,6688
769,TextComment_CC,2023-04-13,560308,2023-05-10,1,2658
770,TextComment_CC,2023-04-13,6234,2023-06-23,41,11100
771,TextComment_CC,2023-04-13,2644,2023-07-12,1,1850
772,TextComment_CC,2023-04-14,3438,2023-04-19,1,617
773,TextComment_CC,2023-04-14,6715,2023-04-21,1,3707
774,TextComment_CC,2023-04-14,1866,2023-04-24,2,6508
775,TextComment_CC,2023-04-14,123010,2023-04-28,4,5277
776,TextComment_CC,2023-04-17,6942,2023-04-26,1,3923
777,TextComment_CC,2023-04-17,8948,2023-04-28,8,13866
778,TextComment_CC,2023-04-17,7721,2023-05-10,20,13980
779,TextComment_CC,2023-04-19,6953,2023-05-04,10,13224
780,TextComment_CC,2023-04-20,3803,2023-04-21,1,6729
781,TextComment_CC,2023-04-21,6465,2023-04-24,1,2731
782,TextComment_CC,2023-04-21,3803,2023-05-01,4,6782
783,TextComment_CC,2023-04-24,1866,2023-04-28,2,6530
784,TextComment_CC,2023-04-24,4273,2023-05-05,3,5102
785,TextComment_CC,2023-04-24,3884,2023-05-16,2,2867
786,TextComment_CC,2023-04-25,6315,2023-05-01,4,7510
787,TextComment_CC,2023-04-25,5635,2023-05-24,1,2075
788,TextComment_CC,2023-04-26,6942,2023-04-28,1,3935
789,TextComment_CC,2023-04-26,8320,2023-05-24,1,2373
790,TextComment_CC,2023-04-27,2579,2023-05-09,1,164
791,TextComment_CC,2023-04-28,8948,2023-05-01,1,13867
792,TextComment_CC,2023-04-28,1505,2023-05-05,7,38036
793,TextComment_CC,2023-04-28,123010,2023-05-05,1,5423
794,TextComment_CC,2023-04-28,6715,2023-05-10,2,3755
795,TextComment_CC,2023-04-28,1085,2023-06-20,3,5037
796,TextComment_CC,2023-05-01,8948,2023-05-10,6,14081
797,TextComment_CC,2023-05-01,1025,2023-05-25,3,4130
798,TextComment_CC,2023-05-01,6315,2023-06-15,20,7697
799,TextComment_CC,2023-05-02,1729,2023-05-03,1,5004
800,TextComment_CC,2023-05-02,6465,2023-05-31,1,2892
801,TextComment_CC,2023-05-04,6953,2023-05-05,1,13306
802,TextComment_CC,2023-05-04,1866,2023-05-10,1,6570
803,TextComment_CC,2023-05-05,1729,2023-05-09,2,5042
804,TextComment_CC,2023-05-05,1505,2023-05-10,4,38112
805,TextComment_CC,2023-05-05,4273,2023-05-10,1,5120
806,TextComment_CC,2023-05-05,3504,2023-05-10,1,9458
807,TextComment_CC,2023-05-05,6049,2023-05-10,5,62275
808,TextComment_CC,2023-05-05,6737,2023-05-10,1,12565
809,TextComment_CC,2023-05-05,520413,2023-05-10,5,28463
810,TextComment_CC,2023-05-05,6952,2023-05-10,3,11351
811,TextComment_CC,2023-05-05,3735,2023-05-10,4,10394
812,TextComment_CC,2023-05-05,8597,2023-05-10,2,12366
813,TextComment_CC,2023-05-05,6471,2023-05-10,4,12535
814,TextComment_CC,2023-05-05,6953,2023-05-10,5,13360
815,TextComment_CC,2023-05-05,8978,2023-05-11,4,9235
816,TextComment_CC,2023-05-05,6466,2023-05-24,1,545
817,TextComment_CC,2023-05-05,2478,2023-06-01,9,7549
818,TextComment_CC,2023-05-05,1585,2023-06-12,2,2369
819,TextComment_CC,2023-05-05,1928,2023-06-12,10,7668
820,TextComment_CC,2023-05-05,6079,2023-06-19,15,7755
821,TextComment_CC,2023-05-05,3491,2023-07-13,45,16491
822,TextComment_CC,2023-05-08,3803,2023-05-09,1,6836
823,TextComment_CC,2023-05-08,2500,2023-05-18,9,19129
824,TextComment_CC,2023-05-09,3803,2023-05-10,1,6836
825,TextComment_CC,2023-05-09,3535,2023-05-12,1,2404
826,TextComment_CC,2023-05-10,6049,2023-05-11,1,62434
827,TextComment_CC,2023-05-10,520413,2023-05-11,1,28660
828,TextComment_CC,2023-05-10,3504,2023-05-11,1,9492
829,TextComment_CC,2023-05-10,6612,2023-05-11,1,1222
830,TextComment_CC,2023-05-10,2927,2023-05-11,1,3914
831,TextComment_CC,2023-05-10,1729,2023-05-13,1,5072
832,TextComment_CC,2023-05-10,8597,2023-05-24,11,12515
833,TextComment_CC,2023-05-10,8721,2023-05-30,1,4993
834,TextComment_CC,2023-05-10,6737,2023-05-30,9,12755
835,TextComment_CC,2023-05-10,6952,2023-05-31,12,11735
836,TextComment_CC,2023-05-10,7799,2023-05-31,3,6598
837,TextComment_CC,2023-05-10,6634,2023-06-01,1,2315
838,TextComment_CC,2023-05-10,3479,2023-06-12,21,15231
839,TextComment_CC,2023-05-10,3424,2023-06-12,4,4558
840,TextComment_CC,2023-05-10,3490,2023-06-13,3,5189
841,TextComment_CC,2023-05-10,3969,2023-07-14,2,1370
842,TextComment_CC,2023-05-11,6049,2023-05-12,1,62576
843,TextComment_CC,2023-05-11,123010,2023-05-15,1,5515
844,TextComment_CC,2023-05-11,1866,2023-05-22,1,6609
845,TextComment_CC,2023-05-11,8948,2023-05-31,10,14504
846,TextComment_CC,2023-05-11,6953,2023-05-31,15,13664
847,TextComment_CC,2023-05-11,583875,2023-06-14,1,2515
848,TextComment_CC,2023-05-11,14001,2023-06-21,20,11677
849,TextComment_CC,2023-05-11,6471,2023-06-29,26,13143
850,TextComment_CC,2023-05-12,3803,2023-05-15,1,6872
851,TextComment_CC,2023-05-12,3427,2023-05-23,1,2424
852,TextComment_CC,2023-05-12,6049,2023-06-08,27,64784
853,TextComment_CC,2023-05-15,3803,2023-05-17,2,6902
854,TextComment_CC,2023-05-15,6942,2023-05-24,2,3943
855,TextComment_CC,2023-05-15,123010,2023-05-24,5,5627
856,TextComment_CC,2023-05-15,3167,2023-06-02,1,596
857,TextComment_CC,2023-05-15,7396,2023-06-30,1,3226
858,TextComment_CC,2023-05-16,1729,2023-05-22,1,5147
859,TextComment_CC,2023-05-16,6715,2023-06-07,1,3799
860,TextComment_CC,2023-05-16,7402,2023-06-12,2,4956
861,TextComment_CC,2023-05-16,3514,2023-06-15,1,1282
862,TextComment_CC,2023-05-17,3803,2023-05-23,3,6918
863,TextComment_CC,2023-05-18,7450,2023-06-12,1,2255
864,TextComment_CC,2023-05-19,3442,2023-06-20,1,1880
865,TextComment_CC,2023-05-22,1729,2023-05-24,1,5190
866,TextComment_CC,2023-05-24,123010,2023-05-25,1,5653
867,TextComment_CC,2023-05-24,3884,2023-06-07,2,2941
868,TextComment_CC,2023-05-24,8597,2023-06-15,13,12732
869,TextComment_CC,2023-05-25,3803,2023-05-26,1,6931
870,TextComment_CC,2023-05-25,1866,2023-05-30,1,6632
871,TextComment_CC,2023-05-25,123010,2023-06-01,3,5734
872,TextComment_CC,2023-05-30,1866,2023-06-01,1,6635
873,TextComment_CC,2023-05-30,3803,2023-06-01,1,6948
874,TextComment_CC,2023-05-30,6737,2023-06-08,5,12861
875,TextComment_CC,2023-05-30,3515,2023-06-08,1,2489
876,TextComment_CC,2023-05-30,8721,2023-07-07,6,5216
877,TextComment_CC,2023-05-31,3427,2023-06-09,1,2464
878,TextComment_CC,2023-05-31,6952,2023-06-20,16,12145
879,TextComment_CC,2023-06-01,123010,2023-06-05,1,5770
880,TextComment_CC,2023-06-01,1866,2023-06-05,1,6644
881,TextComment_CC,2023-06-01,1729,2023-06-06,1,5240
882,TextComment_CC,2023-06-01,2478,2023-06-28,10,7675
883,TextComment_CC,2023-06-02,3167,2023-06-19,1,684
884,TextComment_CC,2023-06-02,8362,2023-06-28,2,3020
885,TextComment_CC,2023-06-05,1025,2023-06-08,1,4315
886,TextComment_CC,2023-06-06,3803,2023-06-09,2,7023
887,TextComment_CC,2023-06-06,1866,2023-06-15,4,6692
888,TextComment_CC,2023-06-07,123010,2023-06-15,2,5830
889,TextComment_CC,2023-06-08,8758,2023-06-09,1,2309
890,TextComment_CC,2023-06-08,6737,2023-06-09,1,12885
891,TextComment_CC,2023-06-08,1025,2023-06-12,1,4327
892,TextComment_CC,2023-06-09,3427,2023-06-21,1,2479
893,TextComment_CC,2023-06-12,3479,2023-06-19,5,15364
894,TextComment_CC,2023-06-12,1025,2023-06-19,4,4368
895,TextComment_CC,2023-06-12,2329,2023-07-13,1,1459
896,TextComment_CC,2023-06-13,3471,2023-06-23,1,2182
897,TextComment_CC,2023-06-13,8151,2023-07-07,1,1291
898,TextComment_CC,2023-06-15,6315,2023-06-16,1,7719
899,TextComment_CC,2023-06-15,3803,2023-06-20,1,7087
900,TextComment_CC,2023-06-15,123010,2023-06-20,1,5931
901,TextComment_CC,2023-06-15,1866,2023-06-21,2,6706
902,TextComment_CC,2023-06-15,8597,2023-07-05,8,12879
903,TextComment_CC,2023-06-19,1025,2023-06-20,1,4379
904,TextComment_CC,2023-06-19,3424,2023-06-21,1,4642
905,TextComment_CC,2023-06-19,3479,2023-06-27,5,15481
906,TextComment_CC,2023-06-20,3803,2023-06-21,1,7094
907,TextComment_CC,2023-06-20,123010,2023-06-21,1,5939
908,TextComment_CC,2023-06-20,6079,2023-06-29,3,7803
909,TextComment_CC,2023-06-21,1025,2023-06-22,1,4392
910,TextComment_CC,2023-06-21,3803,2023-06-22,1,7102
911,TextComment_CC,2023-06-21,1866,2023-06-22,1,6709
912,TextComment_CC,2023-06-21,123010,2023-06-23,1,6004
913,TextComment_CC,2023-06-21,3424,2023-06-29,1,4680
914,TextComment_CC,2023-06-21,14001,2023-07-07,7,11740
915,TextComment_CC,2023-06-22,3427,2023-06-23,1,2508
916,TextComment_CC,2023-06-22,7252,2023-06-29,1,1749
917,TextComment_CC,2023-06-23,123010,2023-06-27,2,6031
918,TextComment_CC,2023-06-26,1866,2023-06-30,2,6739
919,TextComment_CC,2023-06-27,1025,2023-07-05,1,4425
920,TextComment_CC,2023-06-28,522544,2023-07-01,1,7846
921,TextComment_CC,2023-06-28,583875,2023-07-07,1,2973
922,TextComment_CC,2023-06-28,8362,2023-07-13,1,3084
923,TextComment_CC,2023-06-29,3803,2023-06-30,1,7164
924,TextComment_CC,2023-06-29,6079,2023-07-07,3,7833
925,TextComment_CC,2023-06-29,6471,2023-07-12,8,13325
926,TextComment_CC,2023-06-30,1866,2023-07-03,1,6742
927,TextComment_CC,2023-07-01,522544,2023-07-12,6,7955
928,TextComment_CC,2023-07-03,1729,2023-07-04,1,5415
929,TextComment_CC,2023-07-05,1866,2023-07-06,1,6749
930,TextComment_CC,2023-07-06,8597,2023-07-07,1,12927
931,TextComment_CC,2023-07-06,8758,2023-07-10,1,2383
932,TextComment_CC,2023-07-06,1866,2023-07-12,2,6765
933,TextComment_CC,2023-07-07,1729,2023-07-10,1,5441
934,TextComment_CC,2023-07-07,3424,2023-07-12,1,4784
935,TextComment_CC,2023-07-07,1025,2023-07-14,1,4469
936,TextComment_CC,2023-07-10,14001,2023-07-11,1,11776
937,TextComment_CC,2023-07-10,1688,2023-07-12,1,490
