,ORACLE_ID,GS_ALL_TIME_COUNT,GS_SUBSCRIBERS,NORMALIZED_DEPS,ACCOUNT_ID,ACCOUNT_ORACLE_ID,NUM_COMMENTS,TOTAL_MEMBERS,NORMALIZED_COMS
0,1001,2095,1957.0,1.0705160960654063,0017000000SbVISAA3,1001,43,20.0,2.15
1,1004,7,4.0,1.75,0017000000SbV9mAAF,1004,383,48.0,7.979166666666667
2,1022,412,362.0,1.138121546961326,0017000000SbVA1AAN,1022,1871,3.0,623.6666666666666
3,1025,3513,3478.0,1.0100632547441057,0017000000SbVJTAA3,1025,6198,8.0,774.75
4,1065,634,622.0,1.0192926045016077,0017000000SbVKPAA3,1065,350,14.0,25.0
5,1085,2844,2390.0,1.189958158995816,0017000000SbVJaAAN,1085,1666,15.0,111.06666666666666
6,1165,137,122.0,1.1229508196721312,0017000000SbVNNAA3,1165,310,3.0,103.33333333333333
7,123010,3906,3801.0,1.0276243093922652,0017000000qK9YjAAK,123010,1883,9.0,209.22222222222223
8,123024,989,964.0,1.0259336099585061,0010g00001Z5LsMAAV,123024,1055,7.0,150.71428571428572
9,123045,2836,2770.0,1.023826714801444,0010g00001Z5Lz0AAF,123045,120,6.0,20.0
10,123063,3289,3199.0,1.0281337918099407,0010g00001Z5M2qAAF,123063,121,6.0,20.166666666666668
11,123094,1787,1755.0,1.0182336182336182,0010g00001Z5LzWAAV,123094,323,8.0,40.375
12,127010,3,2.0,1.5,0017000000dwnabAAA,127010,19,1.0,19.0
13,127014,15,9.0,1.6666666666666667,0010g00001fs0CYAAY,127014,38,1.0,38.0
14,1305,2228,1973.0,1.1292448048656867,0017000000SbV8NAAV,1305,1049,7.0,149.85714285714286
15,132015,1,1.0,1.0,0010g00001Z5LtRAAV,132015,28,4.0,7.0
16,139014,1235,1165.0,1.0600858369098713,0010g00001Z5LthAAF,139014,343,7.0,49.0
17,14001,9785,9386.0,1.04251012145749,0010g00001Z5LylAAF,14001,1263,3.0,421.0
18,1405,479,472.0,1.0148305084745763,0017000000SbVA8AAN,1405,134,1.0,134.0
19,142010,6355,6246.0,1.0174511687479988,0010g00001Z5LxmAAF,142010,583,6.0,97.16666666666667
20,1445,8479,7695.0,1.1018843404808316,0017000000SbVCgAAN,1445,975,35.0,27.857142857142858
21,1465,238,226.0,1.0530973451327434,0017000000SbVETAA3,1465,218,2.0,109.0
22,1485,4398,4278.0,1.0280504908835906,0017000000SbVHpAAN,1485,624,20.0,31.2
23,150010,1894,1756.0,1.0785876993166288,0010g00001gMCUoAAO,150010,176,13.0,13.538461538461538
24,1505,35655,34688.0,1.0278770756457565,0017000000SbVKrAAN,1505,551,35.0,15.742857142857142
25,1506,931,887.0,1.0496054114994362,0017000000SbVEYAA3,1506,382,14.0,27.285714285714285
26,1525,345,318.0,1.0849056603773586,0017000000SbVDpAAN,1525,230,5.0,46.0
27,1545,16,9.0,1.7777777777777777,0017000000SbVDKAA3,1545,379,57.0,6.649122807017544
28,1585,1993,1987.0,1.0030196275792653,0017000000SbVHwAAN,1585,858,7.0,122.57142857142857
29,1625,1745,1733.0,1.006924408540104,0017000000SbV5IAAV,1625,623,12.0,51.916666666666664
30,1645,2816,2692.0,1.0460624071322437,0017000000SbVLUAA3,1645,1140,18.0,63.333333333333336
31,165010,2,1.0,2.0,0010g00001j4SrQAAU,165010,141,1.0,141.0
32,1665,117,98.0,1.1938775510204083,0017000000SbVHWAA3,1665,953,15.0,63.53333333333333
33,167010,428,424.0,1.009433962264151,0010g00001fs9XdAAI,167010,91,3.0,30.333333333333332
34,1685,1988,1840.0,1.0804347826086957,0017000000SbV9tAAF,1685,713,15.0,47.53333333333333
35,1686,2048,1960.0,1.0448979591836736,0017000000SbVHaAAN,1686,1971,14.0,140.78571428571428
36,1688,435,387.0,1.124031007751938,0017000000SbV4kAAF,1688,598,5.0,119.6
37,1690,1211,1171.0,1.0341588385994875,0017000000SbVBIAA3,1690,162,9.0,18.0
38,169010,2757,2674.0,1.031039640987285,0010g00001Z5M2oAAF,169010,267,5.0,53.4
39,17001,524,487.0,1.0759753593429158,0017000000SbVNGAA3,17001,75,3.0,25.0
40,1707,249,241.0,1.033195020746888,0017000000SbVFHAA3,1707,651,3.0,217.0
41,1708,1254,1241.0,1.0104754230459307,0017000000SbVFkAAN,1708,218,6.0,36.333333333333336
42,1726,15954,13454.0,1.1858183439869183,0017000000SbVCWAA3,1726,465,33.0,14.090909090909092
43,1729,4460,4358.0,1.023405231757687,0017000000SbVAaAAN,1729,5524,23.0,240.17391304347825
44,1766,13010,12733.0,1.0217544961909997,0017000000SbV7lAAF,1766,373,17.0,21.941176470588236
45,1767,1241,1215.0,1.0213991769547326,0017000000SbVBqAAN,1767,616,14.0,44.0
46,1806,351,331.0,1.0604229607250755,0017000000SbVMGAA3,1806,1416,4.0,354.0
47,1807,117,111.0,1.054054054054054,0017000000SbVERAA3,1807,246,3.0,82.0
48,1826,2618,2550.0,1.0266666666666666,0017000000SbVIFAA3,1826,316,7.0,45.142857142857146
49,1827,1353,1301.0,1.0399692544196772,0017000000SbVBYAA3,1827,817,13.0,62.84615384615385
50,1847,4777,4657.0,1.025767661584711,0017000000SuyGMAAZ,1847,950,18.0,52.77777777777778
51,1866,6089,6053.0,1.0059474640674047,0017000000SbVBRAA3,1866,2884,15.0,192.26666666666668
52,187010,964,931.0,1.0354457572502684,0010g00001j66JQAAY,187010,469,5.0,93.8
53,187011,909,756.0,1.2023809523809523,0010g00001Z5Ld6AAF,187011,74,4.0,18.5
54,188015,262,244.0,1.0737704918032787,0014u00001mr8zqAAA,188015,27,3.0,9.0
55,1886,79,75.0,1.0533333333333332,0017000000SbVMOAA3,1886,603,26.0,23.192307692307693
56,1887,19,14.0,1.3571428571428572,0017000000SbVNOAA3,1887,445,3.0,148.33333333333334
57,1888,272,257.0,1.0583657587548638,0017000000SbVHgAAN,1888,2108,19.0,110.94736842105263
58,1926,1,1.0,1.0,0017000000SbVNnAAN,1926,39,15.0,2.6
59,1928,6190,5354.0,1.15614493836384,0017000000SbVJrAAN,1928,1188,21.0,56.57142857142857
60,194012,1171,1101.0,1.0635785649409628,0017000000SbV6TAAV,194012,223,10.0,22.3
61,200012,14820,14602.0,1.014929461717573,0010g00001hmc2tAAA,200012,172,14.0,12.285714285714286
62,2006,491,437.0,1.1235697940503433,0017000000SbVCXAA3,2006,308,12.0,25.666666666666668
63,203013,413,358.0,1.1536312849162011,0010g00001lRzTbAAK,203013,346,5.0,69.2
64,203016,208,151.0,1.3774834437086092,0014u00001mrGtaAAE,203016,33,1.0,33.0
65,2046,286,277.0,1.032490974729242,0017000000SbVLvAAN,2046,787,6.0,131.16666666666666
66,2066,1517,1155.0,1.3134199134199134,0017000000SbVGLAA3,2066,340,4.0,85.0
67,208010,829,815.0,1.0171779141104293,0014u00001mriPSAAY,208010,404,4.0,101.0
68,212011,63,6.0,10.5,0010g00001Z5LuRAAV,212011,129,1.0,129.0
69,2126,1777,1617.0,1.0989486703772418,0017000000SbVG7AAN,2126,746,9.0,82.88888888888889
70,213010,12043,11809.0,1.0198153950376831,0010g00001Z5LxQAAV,213010,98,14.0,7.0
71,215010,4689,4557.0,1.0289664252797894,0017000000SbVLzAAN,215010,391,12.0,32.583333333333336
72,2168,1518,1489.0,1.0194761584956347,0017000000SbVCJAA3,2168,134,6.0,22.333333333333332
73,218012,795,756.0,1.0515873015873016,0010g00001lRnBpAAK,218012,119,4.0,29.75
74,2189,12,6.0,2.0,0017000000SbVIwAAN,2189,22,1.0,22.0
75,2210,2562,2538.0,1.0094562647754137,0017000000SbVAuAAN,2210,648,11.0,58.90909090909091
76,2250,43,43.0,1.0,0017000000SbV5WAAV,2250,85,1.0,85.0
77,225010,1081,899.0,1.2024471635150167,0010g00001mqoHSAAY,225010,1138,17.0,66.94117647058823
78,226010,1415,1374.0,1.029839883551674,0017000001KsHwnAAF,226010,501,9.0,55.666666666666664
79,2269,1115,1075.0,1.0372093023255815,0017000000SbVMVAA3,2269,97,6.0,16.166666666666668
80,2289,2510,2148.0,1.1685288640595903,0017000000SbVBDAA3,2289,162,14.0,11.571428571428571
81,23001,13945,13343.0,1.0451172899647756,0010g00001Z5LzkAAF,23001,1157,6.0,192.83333333333334
82,230010,2906,2873.0,1.0114862513052558,0010g00001YI94SAAT,230010,123,8.0,15.375
83,2309,934,900.0,1.0377777777777777,0017000000SbVHsAAN,2309,166,4.0,41.5
84,2329,1332,1315.0,1.0129277566539925,0017000000SbVBKAA3,2329,1124,12.0,93.66666666666667
85,234010,4025,3854.0,1.044369486248054,0010g00001Z5LygAAF,234010,49,3.0,16.333333333333332
86,2349,1369,1253.0,1.0925778132482042,0017000000SbVHEAA3,2349,312,11.0,28.363636363636363
87,238010,1089,1064.0,1.0234962406015038,0010g00001lRCCSAA4,238010,462,10.0,46.2
88,2389,761,745.0,1.0214765100671142,0017000000SbVMiAAN,2389,116,5.0,23.2
89,2391,100,94.0,1.0638297872340425,0017000000SbVO5AAN,2391,52,2.0,26.0
90,2409,111,103.0,1.0776699029126213,0017000000SbVNEAA3,2409,220,5.0,44.0
91,2411,4106,3847.0,1.067325188458539,0017000000SbV6UAAV,2411,881,7.0,125.85714285714286
92,2412,330,304.0,1.0855263157894737,0017000000SbVKXAA3,2412,127,8.0,15.875
93,2429,100,89.0,1.1235955056179776,0017000000SbVMXAA3,2429,713,25.0,28.52
94,244010,411,182.0,2.258241758241758,0010g00001dnvqPAAQ,244010,24,2.0,12.0
95,2449,2697,2305.0,1.170065075921909,0017000000SbV8JAAV,2449,340,7.0,48.57142857142857
96,2452,569,539.0,1.0556586270871986,0017000000SbVCQAA3,2452,74,4.0,18.5
97,2453,4866,4755.0,1.0233438485804416,0017000000SbVM7AAN,2453,1129,34.0,33.205882352941174
98,2454,3910,3760.0,1.0398936170212767,0017000000SbVNjAAN,2454,987,14.0,70.5
99,2455,160,159.0,1.0062893081761006,0017000000SbVLWAA3,2455,87,2.0,43.5
100,2456,20614,20210.0,1.019990103908956,0017000000SbVLbAAN,2456,1762,47.0,37.48936170212766
101,2458,2537,2460.0,1.03130081300813,0017000000SbVC7AAN,2458,2991,27.0,110.77777777777777
102,2459,1068,1027.0,1.0399221032132424,0017000000SbVHxAAN,2459,454,9.0,50.44444444444444
103,246010,3004,2686.0,1.118391660461653,0014u00001mrEKuAAM,246010,181,22.0,8.227272727272727
104,2478,6673,6022.0,1.108103620059781,0017000000SuEaGAAV,2478,1595,14.0,113.92857142857143
105,2499,1739,1669.0,1.0419412822049132,0017000000SbV7OAAV,2499,176,16.0,11.0
106,2500,16739,16418.0,1.0195517115361188,0017000000SbVIsAAN,2500,4407,50.0,88.14
107,2501,91,89.0,1.0224719101123596,0017000000SbVAeAAN,2501,157,1.0,157.0
108,2521,739,702.0,1.0527065527065527,0017000000SbVLfAAN,2521,1053,11.0,95.72727272727273
109,254010,110,110.0,1.0,0017000001IU6yqAAD,254010,180,4.0,45.0
110,2560,1537,1463.0,1.050580997949419,0017000000SbV7hAAF,2560,258,5.0,51.6
111,2579,164,155.0,1.0580645161290323,0017000000SbVDsAAN,2579,1822,4.0,455.5
112,2599,24,20.0,1.2,0017000000SbVBUAA3,2599,862,40.0,21.55
113,2619,1895,1838.0,1.0310119695321,0017000000SbVLdAAN,2619,314,9.0,34.888888888888886
114,2644,1602,1560.0,1.0269230769230768,0017000000SbV8rAAF,2644,471,10.0,47.1
115,274010,1578,1377.0,1.1459694989106755,0010g00001Z5LwWAAV,274010,222,7.0,31.714285714285715
116,2805,138,130.0,1.0615384615384615,0017000000SbVJOAA3,2805,17,3.0,5.666666666666667
117,2907,1909,1723.0,1.1079512478235636,0017000000SbV6eAAF,2907,268,18.0,14.88888888888889
118,2927,3339,3088.0,1.0812823834196892,0017000000SbVBfAAN,2927,904,15.0,60.266666666666666
119,298010,228,208.0,1.0961538461538463,0010g00001Z5M6PAAV,298010,34,4.0,8.5
120,2987,2143,2026.0,1.0577492596248765,0017000000SbVK6AAN,2987,3810,18.0,211.66666666666666
121,3027,451,436.0,1.0344036697247707,0017000000SbV4zAAF,3027,295,11.0,26.818181818181817
122,3067,884,819.0,1.0793650793650793,0017000000SbV5dAAF,3067,388,5.0,77.6
123,3087,15,14.0,1.0714285714285714,0017000000SbVKwAAN,3087,267,6.0,44.5
124,3089,1596,1342.0,1.1892697466467959,0017000000SbV61AAF,3089,205,4.0,51.25
125,309010,4825,4670.0,1.0331905781584583,0010g00001Z5M3ZAAV,309010,617,16.0,38.5625
126,3096,7476,7317.0,1.021730217302173,0017000000SbVIxAAN,3096,555,27.0,20.555555555555557
127,3111,4411,3911.0,1.1278445410380977,0017000000SbV7WAAV,3111,630,19.0,33.1578947368421
128,313010,370,363.0,1.019283746556474,0017000001GFn1UAAT,313010,896,4.0,224.0
129,3151,1498,1468.0,1.0204359673024523,0017000000SbV9cAAF,3151,543,15.0,36.2
130,3152,1995,1952.0,1.0220286885245902,0017000000SbV5JAAV,3152,943,11.0,85.72727272727273
131,3153,1612,1567.0,1.028717294192725,0017000000SbVKhAAN,3153,295,15.0,19.666666666666668
132,3167,517,508.0,1.0177165354330708,0017000000SbVCfAAN,3167,2416,24.0,100.66666666666667
133,3171,3517,3433.0,1.0244683949898048,0017000000SbVBNAA3,3171,471,8.0,58.875
134,3174,7,6.0,1.1666666666666667,0017000000SbV5lAAF,3174,1053,15.0,70.2
135,3175,727,674.0,1.0786350148367954,0017000000SbVJcAAN,3175,249,19.0,13.105263157894736
136,3176,224,203.0,1.103448275862069,0017000000SbVOBAA3,3176,64,9.0,7.111111111111111
137,3177,637,625.0,1.0192,0017000000SbVBsAAN,3177,212,14.0,15.142857142857142
138,3185,5269,5092.0,1.0347604084838964,0017000000SbVLLAA3,3185,164,9.0,18.22222222222222
139,3207,396,388.0,1.0206185567010309,0017000000SbVHlAAN,3207,573,4.0,143.25
140,3294,1768,1729.0,1.0225563909774436,0017000000SbVLuAAN,3294,1153,7.0,164.71428571428572
141,3314,515,433.0,1.1893764434180139,0017000000SbV57AAF,3314,73,2.0,36.5
142,332010,1103,1083.0,1.0184672206832872,0014u00001oxRV9AAM,332010,136,3.0,45.333333333333336
143,3321,935,822.0,1.137469586374696,0017000000SbV8IAAV,3321,149,5.0,29.8
144,3339,5626,5062.0,1.1114184116949821,0017000000SbVDuAAN,3339,608,21.0,28.952380952380953
145,339010,4808,4491.0,1.070585615675796,0010g00001Z5LdAAAV,339010,472,11.0,42.90909090909091
146,339011,779,649.0,1.2003081664098614,0010g00001Z5M9mAAF,339011,454,8.0,56.75
147,3399,171,166.0,1.0301204819277108,0017000000SbV4aAAF,3399,78,3.0,26.0
148,3420,2200,2148.0,1.0242085661080074,0017000000SbV9NAAV,3420,146,15.0,9.733333333333333
149,342010,4831,4734.0,1.0204900718208703,0014u00001mrlC0AAI,342010,259,7.0,37.0
150,3421,1320,1261.0,1.0467882632831087,0017000000SbVKuAAN,3421,583,7.0,83.28571428571429
151,3422,8179,8059.0,1.0148901848864624,0017000000SbVNrAAN,3422,776,22.0,35.27272727272727
152,3423,7788,7647.0,1.0184386033738722,0017000000SbVCjAAN,3423,418,38.0,11.0
153,3424,3259,2703.0,1.2056973732889382,0017000000SbVDaAAN,3424,736,11.0,66.9090909090909
154,3425,680,594.0,1.1447811447811447,0017000000SbV4KAAV,3425,295,9.0,32.77777777777778
155,3427,2282,2178.0,1.0477502295684114,0017000000SbVDdAAN,3427,910,23.0,39.56521739130435
156,3428,390,388.0,1.0051546391752577,0017000000SbVDeAAN,3428,289,3.0,96.33333333333333
157,343010,447,339.0,1.3185840707964602,0014u00001oxuKmAAI,343010,782,11.0,71.0909090909091
158,3433,54,54.0,1.0,0017000000SbV4RAAV,3433,160,1.0,160.0
159,3434,1542,1470.0,1.0489795918367346,0017000000SbVKEAA3,3434,548,8.0,68.5
160,3435,307,261.0,1.1762452107279693,0017000000SbVFwAAN,3435,85,3.0,28.333333333333332
161,3438,565,534.0,1.0580524344569289,0017000000SbV8vAAF,3438,1238,6.0,206.33333333333334
162,3441,892,820.0,1.0878048780487806,0017000000SveELAAZ,3441,283,15.0,18.866666666666667
163,3442,1599,1485.0,1.0767676767676768,0017000000SbVG8AAN,3442,786,10.0,78.6
164,3443,2956,2745.0,1.0768670309653916,0017000000SbVDzAAN,3443,1567,24.0,65.29166666666667
165,3444,1945,1904.0,1.021533613445378,0017000000SbVBjAAN,3444,107,7.0,15.285714285714286
166,3450,1,1.0,1.0,0017000000SbVKgAAN,3450,221,6.0,36.833333333333336
167,3453,4795,4320.0,1.1099537037037037,0017000000SbVE9AAN,3453,993,18.0,55.166666666666664
168,3455,47,45.0,1.0444444444444445,0017000000SbV9OAAV,3455,2528,1.0,2528.0
169,3457,16607,16052.0,1.0345751308248194,0017000000SbVEGAA3,3457,1793,71.0,25.253521126760564
170,3458,190,185.0,1.027027027027027,0017000000SbV9gAAF,3458,271,9.0,30.11111111111111
171,3460,510,483.0,1.0559006211180124,0017000000SbV44AAF,3460,634,15.0,42.266666666666666
172,3465,103,95.0,1.0842105263157895,0017000000SbVGXAA3,3465,281,8.0,35.125
173,3466,543,515.0,1.054368932038835,0017000000SbVL1AAN,3466,161,8.0,20.125
174,3467,656,618.0,1.0614886731391586,0017000000SbV9zAAF,3467,73,3.0,24.333333333333332
175,3470,1990,1924.0,1.0343035343035343,0017000000SbVA5AAN,3470,470,14.0,33.57142857142857
176,3471,1120,1078.0,1.0389610389610389,0017000000SbVC0AAN,3471,2146,21.0,102.19047619047619
177,3477,3093,2821.0,1.096419709322935,0017000000SbVNWAA3,3477,593,16.0,37.0625
178,3479,13855,12196.0,1.1360282059691702,0017000000SbVF6AAN,3479,5099,52.0,98.0576923076923
179,3480,4103,3652.0,1.1234939759036144,0017000000SbV8HAAV,3480,2147,12.0,178.91666666666666
180,348010,167,167.0,1.0,0014u00001owmC0AAI,348010,507,5.0,101.4
181,3481,231,219.0,1.0547945205479452,0017000000SbVLaAAN,3481,67,3.0,22.333333333333332
182,3482,382,373.0,1.0241286863270778,0017000000SbVAXAA3,3482,69,1.0,69.0
183,3483,1643,1606.0,1.0230386052303861,0017000000SbVJuAAN,3483,84,9.0,9.333333333333334
184,3484,6,5.0,1.2,0017000000SbVBWAA3,3484,99,3.0,33.0
185,3485,366,349.0,1.0487106017191976,0017000000SbVK3AAN,3485,2277,22.0,103.5
186,3486,2542,1909.0,1.3315872184389732,0017000000SbV8iAAF,3486,199,23.0,8.652173913043478
187,3490,4272,3542.0,1.2060982495765105,0017000000SbVDvAAN,3490,847,19.0,44.578947368421055
188,3491,12538,11457.0,1.0943527974164267,0017000000SbVDZAA3,3491,7576,76.0,99.6842105263158
189,3492,3802,3640.0,1.0445054945054946,0017000000SbVKfAAN,3492,1241,12.0,103.41666666666667
190,3493,1206,1153.0,1.0459670424978318,0017000000SbVE6AAN,3493,325,12.0,27.083333333333332
191,3496,44,41.0,1.0731707317073171,0017000000SbVN1AAN,3496,44,2.0,22.0
192,3497,362,349.0,1.0372492836676217,0017000000SbV9WAAV,3497,303,3.0,101.0
193,3500,1249,1237.0,1.0097008892481811,0017000000SbV9iAAF,3500,1287,9.0,143.0
194,3502,230,229.0,1.0043668122270741,0017000000SbVAUAA3,3502,356,9.0,39.55555555555556
195,3504,8090,7860.0,1.029262086513995,0017000000SbVLcAAN,3504,2418,50.0,48.36
196,3505,3423,3313.0,1.0332025354663448,0017000000SbVAkAAN,3505,1658,49.0,33.83673469387755
197,3510,1846,1829.0,1.0092946965554948,0017000000SbVAsAAN,3510,2113,19.0,111.21052631578948
198,3511,23,23.0,1.0,0017000000SbVB1AAN,3511,213,1.0,213.0
199,3513,83,77.0,1.077922077922078,0017000000SbVAcAAN,3513,513,1.0,513.0
200,3514,1109,952.0,1.1649159663865547,0017000000SbVFAAA3,3514,940,23.0,40.869565217391305
201,3515,1882,1800.0,1.0455555555555556,0017000000SbVFDAA3,3515,334,7.0,47.714285714285715
202,3517,17,16.0,1.0625,0017000000SbVAjAAN,3517,244,4.0,61.0
203,3519,538,447.0,1.203579418344519,0017000000SbVCRAA3,3519,110,8.0,13.75
204,3522,762,707.0,1.0777934936350777,0017000000SbVO1AAN,3522,265,7.0,37.857142857142854
205,3524,8581,7826.0,1.0964732941477127,0017000000SbVCUAA3,3524,761,35.0,21.742857142857144
206,3531,3932,3515.0,1.1186344238975818,0017000000SbV6rAAF,3531,479,15.0,31.933333333333334
207,3533,11573,11098.0,1.0428005045954225,0017000000SbVIKAA3,3533,742,19.0,39.05263157894737
208,3535,1557,1383.0,1.1258134490238612,0017000000SbVBHAA3,3535,1615,15.0,107.66666666666667
209,3536,2780,2629.0,1.0574362875618106,0017000000SbVFeAAN,3536,468,9.0,52.0
210,3538,738,725.0,1.0179310344827586,0017000000SbVFgAAN,3538,927,13.0,71.3076923076923
211,3542,710,679.0,1.0456553755522828,0017000000SbVMHAA3,3542,372,2.0,186.0
212,3546,2483,2094.0,1.1857688634192933,0017000000SbVDyAAN,3546,425,16.0,26.5625
213,3559,1722,1640.0,1.05,0017000000SbVCeAAN,3559,781,15.0,52.06666666666667
214,3560,2864,2594.0,1.1040863531225906,0017000000SbV8MAAV,3560,627,12.0,52.25
215,3563,373,357.0,1.0448179271708684,0017000000SbV8nAAF,3563,661,8.0,82.625
216,3568,718,701.0,1.0242510699001426,0017000000SbVCDAA3,3568,522,8.0,65.25
217,3579,56,52.0,1.0769230769230769,0017000000SbVH9AAN,3579,726,4.0,181.5
218,3599,15,12.0,1.25,0017000000SbVN0AAN,3599,331,9.0,36.77777777777778
219,3619,3543,3413.0,1.0380896571930853,0017000000SbVOEAA3,3619,876,12.0,73.0
220,3620,51,44.0,1.1590909090909092,0017000000SbV4DAAV,3620,336,7.0,48.0
221,368010,75,48.0,1.5625,0014u00001oxSykAAE,368010,62,4.0,15.5
222,3721,2167,1948.0,1.1124229979466118,0017000000SbVFIAA3,3721,1189,7.0,169.85714285714286
223,3735,8611,8312.0,1.0359720885466794,0017000000SuyGLAAZ,3735,879,32.0,27.46875
224,3736,235,199.0,1.1809045226130652,0017000000SbVKWAA3,3736,66,2.0,33.0
225,3737,108,102.0,1.0588235294117647,0017000000SbVBxAAN,3737,509,1.0,509.0
226,3738,365,333.0,1.0960960960960962,0017000000SbV9DAAV,3738,87,5.0,17.4
227,3739,2854,2762.0,1.0333091962346126,0017000000SbV8XAAV,3739,1034,21.0,49.23809523809524
228,3781,29,25.0,1.16,0017000000SbVGlAAN,3781,541,13.0,41.61538461538461
229,3782,832,739.0,1.1258457374830853,0017000000SbVEWAA3,3782,778,7.0,111.14285714285714
230,3785,591,549.0,1.0765027322404372,0017000000SbVBkAAN,3785,284,12.0,23.666666666666668
231,3803,6142,6036.0,1.0175612988734262,0017000000SbV4AAAV,3803,1950,21.0,92.85714285714286
232,382010,111,100.0,1.11,0010g00001fsKZHAA2,382010,17,1.0,17.0
233,383010,606,514.0,1.178988326848249,0014u00001nz2NkAAI,383010,102,6.0,17.0
234,3837,2613,2415.0,1.0819875776397516,0017000000SbVDmAAN,3837,360,19.0,18.94736842105263
235,3840,25,25.0,1.0,0017000000SbV8tAAF,3840,12,2.0,6.0
236,3844,7970,7613.0,1.0468934716931564,0017000000SbVCKAA3,3844,888,44.0,20.181818181818183
237,3847,1633,1532.0,1.0659268929503916,0017000000SbV9MAAV,3847,1043,11.0,94.81818181818181
238,3851,18,18.0,1.0,0017000000SbV8kAAF,3851,2194,1.0,2194.0
239,3855,2428,2174.0,1.1168353265869366,0017000000SbVBGAA3,3855,358,10.0,35.8
240,3880,183,171.0,1.0701754385964912,0017000000SbVDbAAN,3880,27,1.0,27.0
241,388010,1805,1336.0,1.3510479041916168,0014u00001nzI2FAAU,388010,683,19.0,35.94736842105263
242,3884,2380,2325.0,1.0236559139784946,0017000000SbVExAAN,3884,1983,21.0,94.42857142857143
243,39012,875,731.0,1.1969904240766074,0010g00001Z5LfAAAV,39012,280,4.0,70.0
244,391011,786,740.0,1.0621621621621622,0010g00001Z5M5hAAF,391011,241,10.0,24.1
245,3918,265,233.0,1.1373390557939915,0017000000SbVA3AAN,3918,195,3.0,65.0
246,394011,559,554.0,1.0090252707581226,0010g00001Z5Lk1AAF,394011,160,10.0,16.0
247,3943,29,28.0,1.0357142857142858,0017000000SbV4PAAV,3943,54,3.0,18.0
248,395011,1216,1202.0,1.0116472545757071,0010g00001Z5Lz2AAF,395011,33,5.0,6.6
249,3953,697,676.0,1.0310650887573964,0017000000SbVJ7AAN,3953,159,8.0,19.875
250,3958,439,426.0,1.0305164319248827,0017000000SbVDoAAN,3958,408,3.0,136.0
251,3959,4182,2841.0,1.4720168954593453,0017000000SbVFQAA3,3959,709,24.0,29.541666666666668
252,3961,918,898.0,1.022271714922049,0017000000SbVBoAAN,3961,65,6.0,10.833333333333334
253,3969,897,820.0,1.0939024390243903,0017000000SbV7TAAV,3969,258,8.0,32.25
254,3978,34,32.0,1.0625,0017000000SbVB6AAN,3978,341,6.0,56.833333333333336
255,411157,1242,1157.0,1.0734658599827138,0010g00001dm6PZAAY,411157,181,5.0,36.2
256,411158,8,5.0,1.6,0010g00001Z5M6dAAF,411158,345,4.0,86.25
257,411166,142,137.0,1.0364963503649636,0010g00001Z5LdCAAV,411166,599,6.0,99.83333333333333
258,4158,247,199.0,1.2412060301507537,0017000000SbVCdAAN,4158,100,7.0,14.285714285714286
259,416191,91,62.0,1.467741935483871,0010g00001Z5Ld2AAF,416191,62,7.0,8.857142857142858
260,4179,66,55.0,1.2,0017000000SbVC8AAN,4179,451,7.0,64.42857142857143
261,4229,155,133.0,1.1654135338345866,0017000000SbV9vAAF,4229,135,2.0,67.5
262,427011,275,269.0,1.0223048327137547,0014u00001nz1Q3AAI,427011,1146,5.0,229.2
263,4273,4487,4052.0,1.1073543928923988,0017000000SbVFEAA3,4273,1638,37.0,44.270270270270274
264,4274,13535,13193.0,1.0259228378685668,0017000000SbV2nAAF,4274,531,5.0,106.2
265,4275,4580,4164.0,1.0999039385206533,0017000000SbVBgAAN,4275,545,7.0,77.85714285714286
266,434011,212,192.0,1.1041666666666667,0017000000m9zp1AAA,434011,57,3.0,19.0
267,4350,231,213.0,1.0845070422535212,0017000000SbVDhAAN,4350,368,5.0,73.6
268,4410,301,289.0,1.041522491349481,0017000000SbVCFAA3,4410,353,2.0,176.5
269,4411,1293,813.0,1.5904059040590406,0017000000SbV36AAF,4411,1105,4.0,276.25
270,4421,858,855.0,1.0035087719298246,0017000000SbVAzAAN,4421,792,10.0,79.2
271,4580,601,588.0,1.022108843537415,0017000000SbVBMAA3,4580,594,6.0,99.0
272,4581,2,0.0,inf,0017000000SbVDLAA3,4581,30,3.0,10.0
273,4601,314,307.0,1.022801302931596,0017000000SbVCYAA3,4601,121,3.0,40.333333333333336
274,461014,675,562.0,1.201067615658363,0017000001GFRC0AAP,461014,99,4.0,24.75
275,4622,86,77.0,1.1168831168831168,0017000000SbVJxAAN,4622,26,6.0,4.333333333333333
276,4661,814,804.0,1.0124378109452736,0017000000SbVKMAA3,4661,412,10.0,41.2
277,4662,1,1.0,1.0,0017000000SbVOCAA3,4662,192,4.0,48.0
278,4665,2044,1987.0,1.0286864620030196,0017000000SbVAnAAN,4665,1201,27.0,44.48148148148148
279,4681,2944,2905.0,1.0134251290877796,0017000000SbV5HAAV,4681,1537,5.0,307.4
280,4683,349,308.0,1.1331168831168832,0017000000SbVBrAAN,4683,332,8.0,41.5
281,4744,762,726.0,1.0495867768595042,0017000000SbV8RAAV,4744,129,3.0,43.0
282,482058,218,215.0,1.013953488372093,0010g00001Z5Lf1AAF,482058,304,4.0,76.0
283,4827,1456,1413.0,1.0304317055909413,0017000000SbV5oAAF,4827,1119,9.0,124.33333333333333
284,4849,3,3.0,1.0,0017000000SbV5EAAV,4849,960,2.0,480.0
285,4929,3064,2925.0,1.0475213675213675,0017000000SbVMFAA3,4929,144,6.0,24.0
286,4950,117,106.0,1.1037735849056605,0017000000SbVAgAAN,4950,583,1.0,583.0
287,4987,112,104.0,1.0769230769230769,0017000000SbVASAA3,4987,577,1.0,577.0
288,5007,2951,2816.0,1.0479403409090908,0017000000SbVJQAA3,5007,250,5.0,50.0
289,5047,39,38.0,1.0263157894736843,0017000000SbV8fAAF,5047,233,7.0,33.285714285714285
290,5068,10110,9734.0,1.0386274912677214,0017000000SbVIiAAN,5068,169,14.0,12.071428571428571
291,507059,3690,3396.0,1.0865724381625441,0010g00001Z5LyBAAV,507059,25,7.0,3.5714285714285716
292,5107,677,566.0,1.196113074204947,0017000000SbVEQAA3,5107,216,3.0,72.0
293,513020,2000,1986.0,1.0070493454179255,0010g00001Z5LzQAAV,513020,594,15.0,39.6
294,519143,987,866.0,1.1397228637413395,0014u00001oxrW7AAI,519143,320,11.0,29.09090909090909
295,519176,1122,1055.0,1.0635071090047394,0014u00001ow5DfAAI,519176,799,7.0,114.14285714285714
296,5192,672,636.0,1.0566037735849056,0017000000SbVAGAA3,5192,478,14.0,34.142857142857146
297,519235,175,168.0,1.0416666666666667,0014u00001tE4PbAAK,519235,28,2.0,14.0
298,519505,192,161.0,1.1925465838509317,0010g00001Z5MALAA3,519505,400,3.0,133.33333333333334
299,519513,2,2.0,1.0,0014u00001tE9dOAAS,519513,61,3.0,20.333333333333332
300,519737,338,302.0,1.119205298013245,0014u00001tDzQnAAK,519737,260,1.0,260.0
301,519794,12,10.0,1.2,0014u00001tDzc0AAC,519794,468,9.0,52.0
302,520053,379,326.0,1.1625766871165644,0014u00001tEnjiAAC,520053,153,3.0,51.0
303,52008,105,71.0,1.4788732394366197,0010g00001bxhjPAAQ,52008,18,3.0,6.0
304,520263,528,516.0,1.0232558139534884,0010g00001Z5LeMAAV,520263,436,5.0,87.2
305,520413,16271,15520.0,1.048389175257732,0014u00001tDnHtAAK,520413,1724,58.0,29.724137931034484
306,520480,194,162.0,1.1975308641975309,0014u00001tE2cfAAC,520480,37,2.0,18.5
307,520550,314,265.0,1.1849056603773584,0014u00001ow59EAAQ,520550,743,7.0,106.14285714285714
308,520708,321,302.0,1.0629139072847682,0010g00001Z5LwUAAV,520708,1244,9.0,138.22222222222223
309,521031,161,148.0,1.087837837837838,0010g00001mqMZbAAM,521031,40,1.0,40.0
310,521075,137,105.0,1.3047619047619048,0014u00001tDCaCAAW,521075,4,2.0,2.0
311,5211,207,184.0,1.125,0017000000SbVGgAAN,5211,118,4.0,29.5
312,521762,83,74.0,1.1216216216216217,0010g00001gLxPpAAK,521762,66,1.0,66.0
313,521772,326,291.0,1.120274914089347,0010g00001Z5LlKAAV,521772,181,3.0,60.333333333333336
314,522074,1831,1532.0,1.1951697127937337,0010g00001Z5LwIAAV,522074,251,3.0,83.66666666666667
315,522272,540,508.0,1.062992125984252,0014u00001tEtZkAAK,522272,34,2.0,17.0
316,522324,212,194.0,1.092783505154639,0010g00001Z4u9KAAR,522324,384,5.0,76.8
317,522544,4584,4213.0,1.0880607643009732,0010g00001Z5LlXAAV,522544,810,13.0,62.30769230769231
318,523051,14,13.0,1.0769230769230769,0010g00001dmeSsAAI,523051,25,2.0,12.5
319,5231,292,289.0,1.0103806228373702,0017000000SbVFRAA3,5231,508,6.0,84.66666666666667
320,524159,154,105.0,1.4666666666666666,0014u00001tCtAwAAK,524159,20,1.0,20.0
321,524418,140,129.0,1.0852713178294573,0014u00001tEoLEAA0,524418,60,1.0,60.0
322,524552,234,220.0,1.0636363636363637,0014u00001uizdtAAA,524552,27,2.0,13.5
323,524570,408,404.0,1.00990099009901,0014u00001tF07MAAS,524570,6,3.0,2.0
324,5251,51,49.0,1.0408163265306123,0017000000SbVCiAAN,5251,120,2.0,60.0
325,526116,779,443.0,1.7584650112866818,0010g00001Z5M6fAAF,526116,69,9.0,7.666666666666667
326,526258,61,58.0,1.0517241379310345,0014u00001tEXcwAAG,526258,11,1.0,11.0
327,5271,2791,2736.0,1.0201023391812865,0017000000SbVHUAA3,5271,769,11.0,69.9090909090909
328,528548,4,3.0,1.3333333333333333,0014u00001ujAL9AAM,528548,35,2.0,17.5
329,529433,358,344.0,1.0406976744186047,0014u00001tEqyUAAS,529433,168,32.0,5.25
330,529448,123,102.0,1.2058823529411764,0014u00001ow5AWAAY,529448,86,5.0,17.2
331,5311,128,107.0,1.1962616822429906,0017000000SbV8xAAF,5311,268,11.0,24.363636363636363
332,531299,37,37.0,1.0,0014u00001uj6PnAAI,531299,5,3.0,1.6666666666666667
333,532298,90,66.0,1.3636363636363635,0014u00001tF07HAAS,532298,128,4.0,32.0
334,5332,1126,928.0,1.2133620689655173,0017000000SbVEDAA3,5332,406,3.0,135.33333333333334
335,535297,41,10.0,4.1,0014u00001ukCu3AAE,535297,497,150.0,3.3133333333333335
336,5372,18,18.0,1.0,0017000000SbVGpAAN,5372,153,2.0,76.5
337,538399,16,13.0,1.2307692307692308,0010g00001gLxWFAA0,538399,105,4.0,26.25
338,538536,1286,1099.0,1.170154686078253,0014u00001ukVEmAAM,538536,21,5.0,4.2
339,538645,4,2.0,2.0,0014u00001tFOLgAAO,538645,222,8.0,27.75
340,5393,2516,2084.0,1.2072936660268714,0017000000SbV8uAAF,5393,831,14.0,59.357142857142854
341,54001,2175,2128.0,1.0220864661654134,0010g00001Z5LyXAAV,54001,175,4.0,43.75
342,540297,200,196.0,1.0204081632653061,0010g00001Z5M3mAAF,540297,60,3.0,20.0
343,540298,81,73.0,1.1095890410958904,0014u00001oxcP8AAI,540298,94,2.0,47.0
344,545297,24,15.0,1.6,0014u00001ukekAAAQ,545297,630,3.0,210.0
345,545298,16,15.0,1.0666666666666667,0014u00001ukXc7AAE,545298,27,3.0,9.0
346,545301,691,564.0,1.225177304964539,0014u00001tEpa4AAC,545301,190,9.0,21.11111111111111
347,545302,3,3.0,1.0,0017000000bDtu2AAC,545302,5,4.0,1.25
348,545303,275,268.0,1.0261194029850746,0014u00001ukGb3AAE,545303,729,3.0,243.0
349,545304,289,262.0,1.1030534351145038,0014u00001tF6dfAAC,545304,880,17.0,51.76470588235294
350,5472,112,104.0,1.0769230769230769,0017000000SbVH1AAN,5472,116,7.0,16.571428571428573
351,547298,13589,13226.0,1.027445939815515,0017000000SbVJFAA3,547298,413,34.0,12.147058823529411
352,547300,102,97.0,1.0515463917525774,0014u00001x7vRPAAY,547300,115,2.0,57.5
353,547301,1,1.0,1.0,0014u00001ow5DQAAY,547301,32,1.0,32.0
354,547304,286,277.0,1.032490974729242,0010g00001Z5LuOAAV,547304,276,10.0,27.6
355,549305,305,292.0,1.0445205479452055,0010g00001Z5LwtAAF,549305,167,3.0,55.666666666666664
356,551297,3,1.0,3.0,0014u00001nxy0XAAQ,551297,24,3.0,8.0
357,552298,45,39.0,1.1538461538461537,0017000001XRJxFAAX,552298,78,2.0,39.0
358,554297,982,877.0,1.1197263397947548,0010g00001Z5LjcAAF,554297,275,11.0,25.0
359,554300,308,243.0,1.2674897119341564,0014u00001nyOo8AAE,554300,284,7.0,40.57142857142857
360,5553,152,139.0,1.0935251798561152,0017000000SbV9KAAV,5553,56,5.0,11.2
361,555314,143,116.0,1.2327586206896552,0014u00001ukqwcAAA,555314,60,4.0,15.0
362,5554,3,3.0,1.0,0017000000SbVMNAA3,5554,476,15.0,31.733333333333334
363,556314,96,93.0,1.032258064516129,0014u00001x7rm7AAA,556314,31,7.0,4.428571428571429
364,556319,207,185.0,1.1189189189189188,0014u00001owUZyAAM,556319,35,2.0,17.5
365,5573,3092,3001.0,1.0303232255914696,0017000000SbVAWAA3,5573,429,13.0,33.0
366,557308,2,2.0,1.0,0010g00001Z5LtkAAF,557308,81,3.0,27.0
367,557309,930,878.0,1.0592255125284737,0014u00001x7xWjAAI,557309,361,14.0,25.785714285714285
368,559309,105,87.0,1.206896551724138,0014u00001x8lD8AAI,559309,69,3.0,23.0
369,5595,3417,3039.0,1.1243830207305034,0017000000SbVDlAAN,5595,1403,28.0,50.107142857142854
370,560308,1015,954.0,1.0639412997903563,0010g00001Z2ejlAAB,560308,370,6.0,61.666666666666664
371,561309,9,6.0,1.5,0014u00001oyQWZAA2,561309,13,1.0,13.0
372,563309,64,62.0,1.032258064516129,0014u00001x9h3kAAA,563309,80,2.0,40.0
373,5635,1999,1317.0,1.5178435839028095,0017000000SbVEAAA3,5635,769,5.0,153.8
374,564308,520,485.0,1.0721649484536082,0010g00001gLxXGAA0,564308,488,16.0,30.5
375,564314,1253,1169.0,1.0718562874251496,0014u00001x8vIYAAY,564314,31,4.0,7.75
376,565356,1,1.0,1.0,0014u00001x9YJzAAM,565356,21,1.0,21.0
377,566600,6,5.0,1.2,0014u00001ukmPFAAY,566600,65,3.0,21.666666666666668
378,566601,19,12.0,1.5833333333333333,0010g00001dmeUAAAY,566601,43,3.0,14.333333333333334
379,568726,86,73.0,1.178082191780822,0014u00001owZksAAE,568726,7,2.0,3.5
380,569005,27,18.0,1.5,0010g00001Z5M5xAAF,569005,848,13.0,65.23076923076923
381,5696,8,8.0,1.0,0017000000SbVKoAAN,5696,68,5.0,13.6
382,569610,2,0.0,inf,0014u00001yJbUTAA0,569610,76,1.0,76.0
383,5697,588,515.0,1.141747572815534,0017000000V1YxMAAV,5697,107,7.0,15.285714285714286
384,5698,2159,2152.0,1.0032527881040891,0017000000SbVEyAAN,5698,1228,25.0,49.12
385,5699,2863,2773.0,1.0324558240173098,0017000000SbVDVAA3,5699,599,29.0,20.655172413793103
386,570155,38,21.0,1.8095238095238095,0010g00001j4lQfAAI,570155,92,2.0,46.0
387,570161,30,20.0,1.5,0014u00001yJHlcAAG,570161,638,5.0,127.6
388,570198,6,1.0,6.0,0017000001RFC0zAAH,570198,138,2.0,69.0
389,570298,39,36.0,1.0833333333333333,0014u00001uizemAAA,570298,90,3.0,30.0
390,571744,6189,5689.0,1.0878889084197574,0017000000SbV4cAAF,571744,927,25.0,37.08
391,5721,585,566.0,1.0335689045936396,0017000000V0ZbOAAV,5721,560,4.0,140.0
392,5740,1714,1641.0,1.04448507007922,0017000000SbV7vAAF,5740,393,9.0,43.666666666666664
393,576668,48,45.0,1.0666666666666667,0010g00001Z5LbcAAF,576668,282,5.0,56.4
394,578855,7,5.0,1.4,0017000000pfRCaAAM,578855,148,31.0,4.774193548387097
395,579104,5,2.0,2.5,0014u0000200nn6AAA,579104,32,2.0,16.0
396,5819,27,27.0,1.0,0017000000SbV6VAAV,5819,128,4.0,32.0
397,5820,52,50.0,1.04,0017000000SbV7DAAV,5820,349,2.0,174.5
398,583875,36,29.0,1.2413793103448276,0010g00001Z5LxCAAV,583875,80,9.0,8.88888888888889
399,584662,1,1.0,1.0,0014u00001x9TuqAAE,584662,1,1.0,1.0
400,5860,132,112.0,1.1785714285714286,0017000000SbVBBAA3,5860,191,8.0,23.875
401,5879,2808,2683.0,1.0465896384644056,0017000000SbVFbAAN,5879,2574,27.0,95.33333333333333
402,5899,1137,1062.0,1.0706214689265536,0017000000SbVBZAA3,5899,142,5.0,28.4
403,5960,483,459.0,1.0522875816993464,0017000000SbVF3AAN,5960,503,6.0,83.83333333333333
404,5961,12,12.0,1.0,0017000000SbVFlAAN,5961,264,2.0,132.0
405,5962,136,124.0,1.096774193548387,0017000000SbVE4AAN,5962,126,3.0,42.0
406,6022,84,81.0,1.037037037037037,0017000000ZJf9SAAT,6022,522,4.0,130.5
407,6025,331,288.0,1.1493055555555556,0017000000SbVB7AAN,6025,108,9.0,12.0
408,6028,38,38.0,1.0,0017000000SuEa9AAF,6028,24,1.0,24.0
409,6029,80,48.0,1.6666666666666667,0017000000SbVIvAAN,6029,359,21.0,17.095238095238095
410,6048,532,487.0,1.0924024640657084,0017000000SbVKiAAN,6048,589,9.0,65.44444444444444
411,6049,53035,48160.0,1.1012250830564785,0017000000WT5o5AAD,6049,6572,83.0,79.18072289156626
412,6053,250,243.0,1.02880658436214,0017000000SbVEeAAN,6053,73,2.0,36.5
413,6071,126,121.0,1.0413223140495869,0017000000SbVCAAA3,6071,255,2.0,127.5
414,6074,1099,1044.0,1.0526819923371646,0017000000SbVFiAAN,6074,170,10.0,17.0
415,6077,202,197.0,1.0253807106598984,0017000000SbV5MAAV,6077,228,3.0,76.0
416,6079,6357,6203.0,1.0248266967596324,0017000000SbVBzAAN,6079,1680,24.0,70.0
417,6098,105,104.0,1.0096153846153846,0017000000SuyFdAAJ,6098,148,5.0,29.6
418,6119,7041,6800.0,1.0354411764705882,0017000000SbVJXAA3,6119,271,9.0,30.11111111111111
419,6123,42,38.0,1.105263157894737,0017000000SbVNxAAN,6123,202,4.0,50.5
420,6128,67,62.0,1.0806451612903225,0017000000ZLmNGAA1,6128,141,4.0,35.25
421,6129,8,8.0,1.0,0017000000SbV9TAAV,6129,251,4.0,62.75
422,6134,1167,1106.0,1.0551537070524413,0017000000Yf80ZAAR,6134,11,3.0,3.6666666666666665
423,6172,6,6.0,1.0,0017000000WSzMRAA1,6172,86,5.0,17.2
424,6193,5055,4793.0,1.0546630502816607,0017000000SbVGmAAN,6193,2100,14.0,150.0
425,6195,2,1.0,2.0,0017000000SbV2IAAV,6195,424,3.0,141.33333333333334
426,6196,480,329.0,1.458966565349544,0017000000bGOKAAA4,6196,460,13.0,35.38461538461539
427,6198,276,275.0,1.0036363636363637,0017000000SbVL9AAN,6198,1217,3.0,405.6666666666667
428,6224,325,320.0,1.015625,0017000000SbVKpAAN,6224,450,19.0,23.68421052631579
429,6228,991,877.0,1.129988597491448,0017000000SbVEmAAN,6228,766,11.0,69.63636363636364
430,6234,9853,9542.0,1.0325927478516035,0017000000SbVKKAA3,6234,2049,24.0,85.375
431,6236,3499,3120.0,1.121474358974359,0017000000SbVI0AAN,6236,527,17.0,31.0
432,6237,33,32.0,1.03125,0017000000dMrFmAAK,6237,830,5.0,166.0
433,6240,368,361.0,1.0193905817174516,0017000000bDma4AAC,6240,27,4.0,6.75
434,6260,301,296.0,1.0168918918918919,0017000000SbVI7AAN,6260,424,3.0,141.33333333333334
435,6261,28,27.0,1.037037037037037,0017000000bGqLmAAK,6261,157,3.0,52.333333333333336
436,6264,335,300.0,1.1166666666666667,0017000000SbVDXAA3,6264,527,3.0,175.66666666666666
437,6280,73,68.0,1.0735294117647058,0017000000SbV6GAAV,6280,87,3.0,29.0
438,6281,136,117.0,1.1623931623931625,0017000000SbVI2AAN,6281,791,4.0,197.75
439,6282,106,90.0,1.1777777777777778,0017000000dJ3IqAAK,6282,552,4.0,138.0
440,6285,10005,9300.0,1.0758064516129033,0017000000SbVHeAAN,6285,337,14.0,24.071428571428573
441,6311,150,137.0,1.094890510948905,0017000000SbVCOAA3,6311,37,6.0,6.166666666666667
442,6312,91,62.0,1.467741935483871,0017000000dqcLWAAY,6312,243,5.0,48.6
443,6315,6699,5630.0,1.1898756660746004,0017000000SuyFUAAZ,6315,1296,17.0,76.23529411764706
444,6355,2094,1907.0,1.0980597797587834,0017000000f1livAAA,6355,1002,14.0,71.57142857142857
445,6357,153,149.0,1.0268456375838926,0017000000fP2LMAA0,6357,786,13.0,60.46153846153846
446,6395,11617,11409.0,1.0182312209659041,0017000000SbVHRAA3,6395,1295,32.0,40.46875
447,6436,265,224.0,1.1830357142857142,0017000000SbVCVAA3,6436,126,5.0,25.2
448,6456,666,649.0,1.0261941448382126,0017000000SbVBnAAN,6456,173,9.0,19.22222222222222
449,6457,1974,1749.0,1.1286449399656946,0017000000p8c9sAAA,6457,85,14.0,6.071428571428571
450,6461,4227,4128.0,1.023982558139535,0017000000SbVHfAAN,6461,574,9.0,63.77777777777778
451,6462,632,612.0,1.0326797385620916,0017000000SbVEtAAN,6462,332,16.0,20.75
452,6463,1861,1740.0,1.0695402298850574,0017000000SbVAPAA3,6463,529,10.0,52.9
453,6464,379,377.0,1.0053050397877985,0017000000SbVKlAAN,6464,361,3.0,120.33333333333333
454,6465,2192,2164.0,1.0129390018484288,0017000000SbVIdAAN,6465,866,17.0,50.94117647058823
455,6466,271,153.0,1.7712418300653594,0017000000SbV2HAAV,6466,1376,5.0,275.2
456,6469,204,173.0,1.1791907514450868,0017000000SbVAAAA3,6469,372,3.0,124.0
457,6471,10817,10530.0,1.027255460588794,0017000000SbVI1AAN,6471,2077,13.0,159.76923076923077
458,6472,10520,7653.0,1.374624330327976,0017000000V2696AAB,6472,822,19.0,43.26315789473684
459,6476,6432,6011.0,1.0700382631841623,0017000000SbVJLAA3,6476,137,22.0,6.2272727272727275
460,6478,1471,1448.0,1.0158839779005524,0017000000SuulEAAR,6478,174,8.0,21.75
461,6483,34,30.0,1.1333333333333333,0017000000SbVK7AAN,6483,29,1.0,29.0
462,6484,28,25.0,1.12,0017000000ZLY1gAAH,6484,83,1.0,83.0
463,6500,3,1.0,3.0,0017000000SbVDTAA3,6500,166,7.0,23.714285714285715
464,6501,2593,2531.0,1.0244962465428684,0017000000SbVI4AAN,6501,179,6.0,29.833333333333332
465,6502,1323,1147.0,1.153443766346992,0017000000gFiapAAC,6502,613,9.0,68.11111111111111
466,6547,58,51.0,1.1372549019607843,0017000000TvLaxAAF,6547,237,1.0,237.0
467,6548,157,103.0,1.5242718446601942,0017000000SbVJRAA3,6548,53,2.0,26.5
468,6568,5530,5262.0,1.0509312048650703,0017000000SbV3aAAF,6568,1677,26.0,64.5
469,6572,3438,3337.0,1.030266706622715,0017000000SbVKtAAN,6572,1882,29.0,64.89655172413794
470,6592,460,342.0,1.345029239766082,0017000000hapUIAAY,6592,2,7.0,0.2857142857142857
471,6593,323,283.0,1.1413427561837455,0017000000hcEMiAAM,6593,21,3.0,7.0
472,6612,1163,1139.0,1.0210711150131695,0017000000hcypKAAQ,6612,3757,4.0,939.25
473,6633,548,529.0,1.0359168241965973,0017000000SbVO6AAN,6633,1207,8.0,150.875
474,6634,2004,1957.0,1.024016351558508,0017000000SbV6YAAV,6634,673,16.0,42.0625
475,6654,1716,1557.0,1.1021194605009634,0017000000SbVMlAAN,6654,557,17.0,32.76470588235294
476,6675,856,830.0,1.0313253012048194,0017000000hd4c1AAA,6675,1565,14.0,111.78571428571429
477,6715,3255,3182.0,1.02294154619736,0017000000SbVF8AAN,6715,2629,22.0,119.5
478,6717,303,297.0,1.02020202020202,0017000000SbVBtAAN,6717,119,1.0,119.0
479,6722,1353,1260.0,1.0738095238095238,0017000000SbVDYAA3,6722,672,5.0,134.4
480,6724,87,81.0,1.0740740740740742,0017000000SbVJyAAN,6724,69,4.0,17.25
481,6725,159,135.0,1.1777777777777778,0017000000ZKvX1AAL,6725,210,5.0,42.0
482,6729,1749,1723.0,1.0150899593731864,0017000000SbV4HAAV,6729,375,11.0,34.09090909090909
483,6737,12238,10233.0,1.195934721000684,0017000000SbVBdAAN,6737,1050,12.0,87.5
484,6738,972,956.0,1.0167364016736402,0017000000SbVHSAA3,6738,635,6.0,105.83333333333333
485,6741,103,101.0,1.0198019801980198,0017000000SbVK9AAN,6741,1132,1.0,1132.0
486,6742,1919,1864.0,1.0295064377682404,0017000000SbVKBAA3,6742,1099,7.0,157.0
487,6743,2,1.0,2.0,0017000000SbVMUAA3,6743,45,1.0,45.0
488,6746,624,599.0,1.0417362270450752,0017000000SbV8lAAF,6746,2640,7.0,377.14285714285717
489,6751,2944,2859.0,1.0297306750612103,0017000000SbVMbAAN,6751,2183,12.0,181.91666666666666
490,6754,2,2.0,1.0,0017000000dJa2vAAC,6754,209,7.0,29.857142857142858
491,6755,409,388.0,1.0541237113402062,0017000000SbVKJAA3,6755,71,8.0,8.875
492,6764,133,120.0,1.1083333333333334,0017000000cKCE1AAO,6764,38,2.0,19.0
493,6767,53,50.0,1.06,0017000000SbVKQAA3,6767,112,2.0,56.0
494,6769,21,18.0,1.1666666666666667,0017000000mixVPAAY,6769,1228,2.0,614.0
495,6770,1037,1015.0,1.0216748768472907,0017000000jCNIEAA4,6770,1,3.0,0.3333333333333333
496,6771,74,72.0,1.0277777777777777,0017000000gG60CAAS,6771,182,5.0,36.4
497,6773,412,397.0,1.0377833753148615,0017000000Suv0hAAB,6773,27,2.0,13.5
498,6782,624,586.0,1.0648464163822526,0017000000SbVMpAAN,6782,160,6.0,26.666666666666668
499,6783,35,35.0,1.0,0017000000kYHQUAA4,6783,345,3.0,115.0
500,6788,150,142.0,1.056338028169014,0017000000SuuntAAB,6788,494,4.0,123.5
501,6804,73,56.0,1.3035714285714286,0017000000SbVKnAAN,6804,196,8.0,24.5
502,6812,1194,1178.0,1.0135823429541595,0017000000SbV5LAAV,6812,702,19.0,36.94736842105263
503,6815,61,58.0,1.0517241379310345,0017000000jCjrnAAC,6815,19,5.0,3.8
504,6816,39,38.0,1.0263157894736843,0017000000pfR81AAE,6816,48,2.0,24.0
505,6825,1187,1154.0,1.0285961871750433,0017000000jCmdKAAS,6825,361,12.0,30.083333333333332
506,6835,765,699.0,1.094420600858369,0017000000Xd5o0AAB,6835,443,8.0,55.375
507,6843,2065,1989.0,1.0382101558572148,0017000000SbVEgAAN,6843,983,16.0,61.4375
508,6844,5184,5091.0,1.0182675309369476,0017000000SbV5pAAF,6844,287,12.0,23.916666666666668
509,6847,109,105.0,1.0380952380952382,0017000000fSgh3AAC,6847,46,2.0,23.0
510,6850,757,736.0,1.028532608695652,0017000000SbVNKAA3,6850,312,7.0,44.57142857142857
511,6851,162,157.0,1.0318471337579618,0017000000SbV5yAAF,6851,28,6.0,4.666666666666667
512,6852,2459,2385.0,1.031027253668763,0017000000SbVEoAAN,6852,716,15.0,47.733333333333334
513,6857,651,596.0,1.092281879194631,0017000000SbVEpAAN,6857,1014,10.0,101.4
514,6859,290,180.0,1.6111111111111112,0017000000SbV89AAF,6859,17,4.0,4.25
515,6867,3594,1779.0,2.0202360876897134,0017000000SbV3BAAV,6867,98,6.0,16.333333333333332
516,6869,1634,1589.0,1.028319697923222,0017000000SbVLMAA3,6869,653,18.0,36.27777777777778
517,6872,689,601.0,1.1464226289517472,0017000000SbVGkAAN,6872,255,7.0,36.42857142857143
518,6873,82,71.0,1.1549295774647887,0017000000SbVLNAA3,6873,389,8.0,48.625
519,6876,4656,4345.0,1.0715765247410818,0017000000SbVEzAAN,6876,1379,27.0,51.074074074074076
520,6883,174,169.0,1.029585798816568,0017000000SbVARAA3,6883,737,5.0,147.4
521,6889,365,351.0,1.03988603988604,0017000000jsypaAAA,6889,94,4.0,23.5
522,6893,2163,2138.0,1.0116931711880262,0017000000SbV6KAAV,6893,725,8.0,90.625
523,6898,1008,951.0,1.0599369085173502,0017000000SuyF5AAJ,6898,75,6.0,12.5
524,6907,238,235.0,1.0127659574468084,0017000000SbVJUAA3,6907,95,8.0,11.875
525,6912,145,138.0,1.0507246376811594,0017000000SbVFLAA3,6912,364,3.0,121.33333333333333
526,6913,45,41.0,1.0975609756097562,0017000000jCiEkAAK,6913,43,2.0,21.5
527,6915,4140,3246.0,1.2754158964879851,0017000000jCiuCAAS,6915,188,10.0,18.8
528,6919,1408,1343.0,1.0483991064780342,0017000000SbVAxAAN,6919,1653,19.0,87.0
529,6920,128,125.0,1.024,0017000000SbVFSAA3,6920,114,3.0,38.0
530,6923,779,727.0,1.0715268225584593,0017000000SbVLyAAN,6923,364,11.0,33.09090909090909
531,6928,152,110.0,1.3818181818181818,0017000000SbVOAAA3,6928,127,21.0,6.0476190476190474
532,6933,15,12.0,1.25,0017000000SbVB9AAN,6933,268,10.0,26.8
533,6934,2595,2440.0,1.0635245901639345,0017000000SbVFYAA3,6934,156,10.0,15.6
534,6937,875,813.0,1.0762607626076262,0017000000SbVM5AAN,6937,1004,5.0,200.8
535,6938,369,298.0,1.238255033557047,0017000000SbVFaAAN,6938,93,3.0,31.0
536,6941,2162,2127.0,1.0164551010813352,0017000000SbVBCAA3,6941,155,9.0,17.22222222222222
537,6942,3526,3491.0,1.0100257805786308,0017000000jDTdsAAG,6942,1611,18.0,89.5
538,6945,10,10.0,1.0,0017000000SbV7AAAV,6945,338,1.0,338.0
539,6949,6,5.0,1.2,0017000000SuEaFAAV,6949,599,6.0,99.83333333333333
540,6951,19942,18531.0,1.076142679833792,0017000000SbVJoAAN,6951,349,16.0,21.8125
541,6952,9060,8756.0,1.0347190497944267,0017000000SbVIMAA3,6952,1395,21.0,66.42857142857143
542,6953,12418,9000.0,1.3797777777777778,0017000000SbVFfAAN,6953,3988,27.0,147.7037037037037
543,6954,29,26.0,1.1153846153846154,0017000000jDlR7AAK,6954,66,11.0,6.0
544,6957,3082,1729.0,1.7825332562174667,0017000000SbV3wAAF,6957,888,11.0,80.72727272727273
545,6967,650,638.0,1.0188087774294672,0017000000SbVKTAA3,6967,310,9.0,34.44444444444444
546,6968,174,162.0,1.0740740740740742,0017000000SbV53AAF,6968,86,4.0,21.5
547,6989,150,145.0,1.0344827586206897,0017000000SbVK1AAN,6989,336,4.0,84.0
548,7017,597,345.0,1.7304347826086957,0017000000kakKfAAI,7017,680,3.0,226.66666666666666
549,7022,4,3.0,1.3333333333333333,0017000000VUw3JAAT,7022,240,21.0,11.428571428571429
550,7032,32,25.0,1.28,0017000000SbVHbAAN,7032,47,1.0,47.0
551,7052,1490,1457.0,1.022649279341112,0017000000pfR7mAAE,7052,1176,7.0,168.0
552,7071,417,400.0,1.0425,0017000000dvxmRAAQ,7071,16,2.0,8.0
553,7109,84,78.0,1.0769230769230769,0017000000pfR9oAAE,7109,41,2.0,20.5
554,7133,814,734.0,1.108991825613079,0017000000SbVALAA3,7133,34,3.0,11.333333333333334
555,72005,134,124.0,1.0806451612903225,0010g00001j6VdrAAE,72005,34,2.0,17.0
556,7207,24,21.0,1.1428571428571428,0017000000pfR6wAAE,7207,329,15.0,21.933333333333334
557,7214,1903,1806.0,1.0537098560354374,0017000000SbVFdAAN,7214,249,7.0,35.57142857142857
558,7222,2234,2213.0,1.0094893809308632,0017000000SbVHFAA3,7222,223,8.0,27.875
559,7230,7,5.0,1.4,0017000000SbVJpAAN,7230,521,5.0,104.2
560,7240,119,110.0,1.0818181818181818,0017000000SbV91AAF,7240,92,1.0,92.0
561,7244,19,16.0,1.1875,0017000000SbVByAAN,7244,70,2.0,35.0
562,7252,1553,1501.0,1.0346435709526982,0017000000SbVKyAAN,7252,3366,4.0,841.5
563,7259,29,24.0,1.2083333333333333,0017000000hahhpAAA,7259,59,8.0,7.375
564,7260,580,309.0,1.8770226537216828,0017000000SbV3CAAV,7260,265,2.0,132.5
565,7282,1211,1154.0,1.0493934142114385,0017000000SbVABAA3,7282,475,4.0,118.75
566,7285,142,135.0,1.0518518518518518,0017000000SbVDWAA3,7285,510,3.0,170.0
567,7286,17,17.0,1.0,0017000000SbVDjAAN,7286,295,2.0,147.5
568,7362,918,841.0,1.0915576694411415,0017000000SbVGYAA3,7362,3008,13.0,231.3846153846154
569,7368,324,310.0,1.0451612903225806,0017000000SbVAVAA3,7368,318,5.0,63.6
570,7380,191,162.0,1.1790123456790123,0017000000gG65qAAC,7380,454,6.0,75.66666666666667
571,7393,57,53.0,1.0754716981132075,0017000000hdCWmAAM,7393,87,3.0,29.0
572,7396,2401,1558.0,1.5410783055198973,0017000000SbV2LAAV,7396,1250,24.0,52.083333333333336
573,7398,23,20.0,1.15,0017000000cIWGCAA4,7398,835,3.0,278.3333333333333
574,7399,267,244.0,1.0942622950819672,0017000000SbVAHAA3,7399,94,2.0,47.0
575,7401,237,228.0,1.0394736842105263,0017000000SbVLjAAN,7401,42,3.0,14.0
576,7402,3672,3424.0,1.0724299065420562,0017000000gDfMAAA0,7402,1000,28.0,35.714285714285715
577,7413,61,61.0,1.0,0017000000SbVKIAA3,7413,44,1.0,44.0
578,7416,636,547.0,1.1627056672760512,0017000000kaf0YAAQ,7416,957,10.0,95.7
579,7417,14,13.0,1.0769230769230769,0017000000haesEAAQ,7417,45,8.0,5.625
580,7421,7854,7661.0,1.0251925336118,0017000000ka0i9AAA,7421,1599,21.0,76.14285714285714
581,7435,839,796.0,1.0540201005025125,0017000000jtLTGAA2,7435,662,18.0,36.77777777777778
582,7448,390,368.0,1.059782608695652,0017000000dv8JvAAI,7448,395,8.0,49.375
583,7450,1718,1651.0,1.0405814657783161,0017000000Ye7K7AAJ,7450,2241,15.0,149.4
584,7464,444,416.0,1.0673076923076923,0017000000lCuheAAC,7464,740,4.0,185.0
585,7474,4166,3899.0,1.0684790972044114,0017000000lCU1PAAW,7474,387,19.0,20.36842105263158
586,7478,1716,1687.0,1.017190278601067,0017000000ob82IAAQ,7478,561,5.0,112.2
587,7485,10,9.0,1.1111111111111112,0017000000pfR8MAAU,7485,84,1.0,84.0
588,7488,1,0.0,inf,0017000000lDTUwAAO,7488,151,4.0,37.75
589,7490,5831,4920.0,1.1851626016260162,0017000000oqrOmAAI,7490,182,8.0,22.75
590,7508,4426,4147.0,1.0672775500361706,0017000000p9CfOAAU,7508,346,11.0,31.454545454545453
591,7514,433,401.0,1.0798004987531171,0017000000SbVBQAA3,7514,178,8.0,22.25
592,7516,6,4.0,1.5,0017000000hc8ULAAY,7516,628,14.0,44.857142857142854
593,7538,609,593.0,1.026981450252951,0017000000ljx2DAAQ,7538,54,5.0,10.8
594,7589,413,374.0,1.1042780748663101,0017000000or7CvAAI,7589,150,6.0,25.0
595,7661,4,2.0,2.0,0017000000qx3QRAAY,7661,3,6.0,0.5
596,7677,355,348.0,1.0201149425287357,0017000000tCfWmAAK,7677,30,4.0,7.5
597,7687,8,7.0,1.1428571428571428,0017000000jE87mAAC,7687,132,2.0,66.0
598,7688,1449,1383.0,1.0477223427331888,0017000000mlqDbAAI,7688,300,9.0,33.333333333333336
599,77002,2300,1982.0,1.160443995963673,0010g00001dnno2AAA,77002,290,10.0,29.0
600,7703,105,103.0,1.0194174757281553,0017000000oXm8LAAS,7703,141,4.0,35.25
601,7721,11844,10875.0,1.0891034482758621,0017000000vmC5DAAU,7721,1095,18.0,60.833333333333336
602,7745,185,184.0,1.0054347826086956,0017000000ym0OOAAY,7745,1183,3.0,394.3333333333333
603,7761,1399,1260.0,1.1103174603174604,0017000000wnjIlAAI,7761,185,9.0,20.555555555555557
604,7763,4626,4424.0,1.0456600361663653,0017000000yOUykAAG,7763,320,26.0,12.307692307692308
605,7764,3,1.0,3.0,0017000000yO2E7AAK,7764,210,2.0,105.0
606,7797,882,837.0,1.053763440860215,0017000000jEQgoAAG,7797,295,2.0,147.5
607,7798,1387,1341.0,1.0343027591349738,0017000000zhB7gAAE,7798,334,4.0,83.5
608,7799,5561,5468.0,1.0170080468178493,00170000011MmjRAAS,7799,1021,20.0,51.05
609,7828,315,226.0,1.3938053097345133,0017000000kawDrAAI,7828,26,3.0,8.666666666666666
610,7836,6,3.0,2.0,00170000010jfFBAAY,7836,352,11.0,32.0
611,7839,3256,2756.0,1.181422351233672,0017000000uil7BAAQ,7839,36,7.0,5.142857142857143
612,7841,76,31.0,2.4516129032258065,0017000000SbVBEAA3,7841,56,7.0,8.0
613,7865,54,54.0,1.0,00170000015Ce3dAAC,7865,133,2.0,66.5
614,7866,574,567.0,1.0123456790123457,00170000014Mc6yAAC,7866,107,3.0,35.666666666666664
615,7870,1,1.0,1.0,0017000000cInaxAAC,7870,109,3.0,36.333333333333336
616,7977,1377,1336.0,1.030688622754491,00170000016We54AAC,7977,511,16.0,31.9375
617,8097,1,1.0,1.0,0017000000hc6eGAAQ,8097,1076,3.0,358.6666666666667
618,8151,1117,1077.0,1.0371402042711235,0017000000SbVKAAA3,8151,1137,10.0,113.7
619,8154,14,14.0,1.0,00170000010BBHhAAO,8154,120,1.0,120.0
620,8196,1424,1401.0,1.0164168451106352,0017000000pfQx9AAE,8196,484,7.0,69.14285714285714
621,8197,3069,1557.0,1.9710982658959537,0017000000YeQsfAAF,8197,400,6.0,66.66666666666667
622,8199,169,157.0,1.0764331210191083,00170000010jkYEAAY,8199,739,13.0,56.84615384615385
623,8220,1134,1108.0,1.023465703971119,0017000000nB1CPAA0,8220,125,7.0,17.857142857142858
624,8221,74,64.0,1.15625,0017000001GfeKvAAJ,8221,513,12.0,42.75
625,8249,955,779.0,1.2259306803594352,0017000001JKpG1AAL,8249,72,4.0,18.0
626,8262,1251,1198.0,1.0442404006677797,00170000016VJ3dAAG,8262,159,8.0,19.875
627,8281,757,668.0,1.1332335329341316,0017000001JKrRfAAL,8281,129,12.0,10.75
628,8290,467,450.0,1.0377777777777777,0017000001GfjB1AAJ,8290,100,2.0,50.0
629,8300,272,270.0,1.0074074074074073,0017000000ymDiMAAU,8300,173,4.0,43.25
630,8320,2218,2196.0,1.0100182149362478,0017000001MDb6IAAT,8320,648,36.0,18.0
631,8330,1,1.0,1.0,0017000000vjudNAAQ,8330,34,2.0,17.0
632,8331,12,6.0,2.0,0017000000lAXaZAAW,8331,228,32.0,7.125
633,8348,1,1.0,1.0,0017000000SbV1NAAV,8348,54,2.0,27.0
634,8349,99,92.0,1.076086956521739,0017000000qv4OTAAY,8349,366,7.0,52.285714285714285
635,8356,53,39.0,1.358974358974359,00170000016XFeJAAW,8356,233,7.0,33.285714285714285
636,8362,2205,2047.0,1.0771861260381046,0017000000dJOytAAG,8362,1853,10.0,185.3
637,8363,1038,936.0,1.108974358974359,0017000001OVlERAA1,8363,324,4.0,81.0
638,8369,403,385.0,1.0467532467532468,0017000001OXSlzAAH,8369,16,2.0,8.0
639,8371,1596,1493.0,1.0689886135298057,0017000001OVG17AAH,8371,182,4.0,45.5
640,8373,732,692.0,1.0578034682080926,0017000000SbVEEAA3,8373,678,10.0,67.8
641,8400,2,2.0,1.0,0017000001NVXH2AAP,8400,12,7.0,1.7142857142857142
642,8404,1422,1362.0,1.0440528634361232,0017000000qJRuMAAW,8404,195,2.0,97.5
643,8409,7,2.0,3.5,0017000001OvPneAAF,8409,91,1.0,91.0
644,8421,4499,4287.0,1.0494518311173315,0017000001Gem7ZAAR,8421,1232,17.0,72.47058823529412
645,8426,146,125.0,1.168,0017000001IUGMnAAP,8426,246,14.0,17.571428571428573
646,8427,3515,3215.0,1.0933125972006221,0017000001RF4ttAAD,8427,323,30.0,10.766666666666667
647,8434,348,333.0,1.045045045045045,0017000000qvrGNAAY,8434,8,2.0,4.0
648,8436,1785,1733.0,1.0300057703404502,0017000001KqWsMAAV,8436,148,5.0,29.6
649,8454,12034,10858.0,1.108307238902192,0017000001QYNrvAAH,8454,140,6.0,23.333333333333332
650,8456,2,1.0,2.0,0017000001RL3r0AAD,8456,46,4.0,11.5
651,8457,166,137.0,1.2116788321167884,0017000000p7WGiAAM,8457,8,2.0,4.0
652,8473,3,3.0,1.0,0017000000pfRNzAAM,8473,584,4.0,146.0
653,8477,1761,1663.0,1.058929645219483,0017000000SbVLtAAN,8477,561,8.0,70.125
654,8487,85,82.0,1.0365853658536586,0017000001RMNXBAA5,8487,57,4.0,14.25
655,8492,56,54.0,1.037037037037037,0017000001Ov7gmAAB,8492,57,4.0,14.25
656,8494,1251,1216.0,1.028782894736842,0017000001OwiCpAAJ,8494,658,6.0,109.66666666666667
657,8495,629,505.0,1.2455445544554455,0017000001OvWSJAA3,8495,490,6.0,81.66666666666667
658,8506,10979,10666.0,1.0293455840990062,0017000001MThr6AAD,8506,379,8.0,47.375
659,8530,8,6.0,1.3333333333333333,0017000000SbVCZAA3,8530,308,1.0,308.0
660,8534,2771,2638.0,1.0504169825625473,0017000001Sxjf7AAB,8534,70,7.0,10.0
661,8542,2899,2178.0,1.3310376492194673,0017000000SbVE1AAN,8542,169,7.0,24.142857142857142
662,8545,1620,1579.0,1.025965801139962,0017000001NWPnaAAH,8545,263,16.0,16.4375
663,8557,4,2.0,2.0,0017000000drQ4xAAE,8557,445,4.0,111.25
664,8560,29,29.0,1.0,0017000000pfRIEAA2,8560,36,5.0,7.2
665,8562,5935,5738.0,1.0343325200418265,0017000001SwacaAAB,8562,672,15.0,44.8
666,8563,2,2.0,1.0,0017000000Ye0j0AAB,8563,6,2.0,3.0
667,8584,113,104.0,1.0865384615384615,0017000001EExvmAAD,8584,114,3.0,38.0
668,8587,4618,4333.0,1.0657742903300254,0017000001BQ8gtAAD,8587,2058,56.0,36.75
669,8589,551,461.0,1.1952277657266812,0017000001V6ORuAAN,8589,289,8.0,36.125
670,8597,11124,10703.0,1.039334765953471,0017000001MBWgKAAX,8597,716,9.0,79.55555555555556
671,8602,1633,1613.0,1.0123992560446373,0017000001SyXrZAAV,8602,348,15.0,23.2
672,8610,2,1.0,2.0,0017000001Vt785AAB,8610,181,2.0,90.5
673,8623,4687,4548.0,1.0305628847845207,0017000000SbVHrAAN,8623,912,14.0,65.14285714285714
674,8626,5,2.0,2.5,0017000001T08LoAAJ,8626,354,4.0,88.5
675,8630,571,470.0,1.2148936170212765,0017000001Vu1IMAAZ,8630,61,1.0,61.0
676,8647,19,16.0,1.1875,0017000000SbVEZAA3,8647,119,1.0,119.0
677,8649,1123,1079.0,1.0407784986098239,0017000001V2jxWAAR,8649,278,11.0,25.272727272727273
678,8662,3,3.0,1.0,0017000000zfypNAAQ,8662,10,1.0,10.0
679,8667,1294,1245.0,1.0393574297188755,00170000010mHSMAA2,8667,258,10.0,25.8
680,8671,252,219.0,1.1506849315068493,0010g00001YHztsAAD,8671,13,2.0,6.5
681,8674,100,94.0,1.0638297872340425,0017000000SbVHPAA3,8674,765,15.0,51.0
682,8678,1012,864.0,1.1712962962962963,0010g00001YIZiEAAX,8678,46,2.0,23.0
683,8679,511,445.0,1.148314606741573,0017000001OUHjBAAX,8679,367,6.0,61.166666666666664
684,8685,1,1.0,1.0,0017000000n9iWKAAY,8685,62,2.0,31.0
685,8687,6023,3675.0,1.6389115646258503,0017000000WSV4FAAX,8687,29,9.0,3.2222222222222223
686,8697,4,4.0,1.0,0017000001VurRAAAZ,8697,243,7.0,34.714285714285715
687,8702,299,291.0,1.0274914089347078,0017000001VtyfcAAB,8702,55,3.0,18.333333333333332
688,8705,404,390.0,1.035897435897436,0010g00001YhGL5AAN,8705,95,1.0,95.0
689,8714,546,519.0,1.0520231213872833,0010g00001YICUrAAP,8714,288,5.0,57.6
690,8720,1588,1512.0,1.0502645502645502,0017000001XQjtfAAD,8720,94,4.0,23.5
691,8721,4385,4311.0,1.017165390860589,0017000001XQxZtAAL,8721,839,13.0,64.53846153846153
692,8724,374,302.0,1.2384105960264902,0010g00001Z3ySwAAJ,8724,408,11.0,37.09090909090909
693,8726,821,772.0,1.0634715025906736,0010g00001Z4ZGtAAN,8726,448,5.0,89.6
694,8741,4406,4156.0,1.0601539942252165,0017000001XQg0CAAT,8741,431,7.0,61.57142857142857
695,8745,3745,2890.0,1.2958477508650519,0017000001OuOheAAF,8745,124,7.0,17.714285714285715
696,8750,642,544.0,1.1801470588235294,0017000000SbVOFAA3,8750,112,6.0,18.666666666666668
697,8758,1806,1602.0,1.1273408239700375,0010g00001Z2Ih2AAF,8758,4556,7.0,650.8571428571429
698,8795,1116,1067.0,1.0459231490159324,0017000000SbV6NAAV,8795,110,9.0,12.222222222222221
699,8801,1247,1223.0,1.0196238757154539,0010g00001ZYLNgAAP,8801,210,5.0,42.0
700,8812,5726,5706.0,1.0035050823694356,0017000001XQlqvAAD,8812,1175,24.0,48.958333333333336
701,8817,1,0.0,inf,0010g00001Z5LbxAAF,8817,124,3.0,41.333333333333336
702,8819,757,744.0,1.01747311827957,0010g00001YID8hAAH,8819,10,2.0,5.0
703,8820,647,604.0,1.0711920529801324,0010g00001Z5AIpAAN,8820,13,2.0,6.5
704,8827,124,119.0,1.0420168067226891,0017000001RKvYpAAL,8827,4,4.0,1.0
705,8841,331,318.0,1.0408805031446542,0010g00001Z5LvJAAV,8841,178,4.0,44.5
706,8843,233,226.0,1.0309734513274336,0010g00001aEcT4AAK,8843,234,8.0,29.25
707,8847,1849,1836.0,1.0070806100217864,0010g00001Z5LclAAF,8847,441,4.0,110.25
708,8848,1562,1414.0,1.1046676096181047,0010g00001Z5M3pAAF,8848,1054,7.0,150.57142857142858
709,8852,3,3.0,1.0,0017000000SbV1QAAV,8852,239,17.0,14.058823529411764
710,8857,538,503.0,1.0695825049701788,0010g00001Z5LpVAAV,8857,225,8.0,28.125
711,8860,807,798.0,1.0112781954887218,0010g00001Z5LjHAAV,8860,525,7.0,75.0
712,8863,16151,15073.0,1.0715186094340874,0010g00001Z5Lg3AAF,8863,506,9.0,56.22222222222222
713,8864,2909,2726.0,1.0671313279530448,0010g00001byB9FAAU,8864,44,12.0,3.6666666666666665
714,8868,2260,2206.0,1.0244786944696282,00170000018Sd4bAAC,8868,274,12.0,22.833333333333332
715,8873,2043,1921.0,1.0635085892764184,0010g00001Z5LenAAF,8873,124,16.0,7.75
716,8874,1788,1691.0,1.0573625073920756,0010g00001byYGZAA2,8874,125,4.0,31.25
717,8884,903,859.0,1.0512223515715948,0010g00001Z5LeBAAV,8884,74,7.0,10.571428571428571
718,8889,5315,4812.0,1.10453034081463,0010g00001c0DpQAAU,8889,432,9.0,48.0
719,8894,617,608.0,1.0148026315789473,0010g00001Z4qQ4AAJ,8894,147,4.0,36.75
720,8897,37,29.0,1.2758620689655173,0010g00001Z5LqhAAF,8897,198,9.0,22.0
721,8898,1572,1375.0,1.1432727272727272,0010g00001YJIsxAAH,8898,966,9.0,107.33333333333333
722,8903,11033,9716.0,1.1355496088925483,0010g00001Z5LfYAAV,8903,873,37.0,23.594594594594593
723,8904,601,500.0,1.202,0017000001VsNEHAA3,8904,107,2.0,53.5
724,8928,6144,6035.0,1.0180613090306545,0017000000cKkIGAA0,8928,716,12.0,59.666666666666664
725,8937,1511,1393.0,1.0847092605886575,0010g00001Z5LsrAAF,8937,221,1.0,221.0
726,8947,1340,1188.0,1.127946127946128,0010g00001dp6eZAAQ,8947,236,4.0,59.0
727,8948,11382,10650.0,1.0687323943661973,0010g00001dp00cAAA,8948,3205,8.0,400.625
728,8952,205,170.0,1.2058823529411764,0017000000pfRCEAA2,8952,159,9.0,17.666666666666668
729,8964,193,165.0,1.1696969696969697,0010g00001dpCxRAAU,8964,194,5.0,38.8
730,8965,1424,1316.0,1.082066869300912,0010g00001Z5M6DAAV,8965,114,13.0,8.76923076923077
731,8973,453,419.0,1.081145584725537,0010g00001dpON4AAM,8973,223,6.0,37.166666666666664
732,8978,7696,7230.0,1.0644536652835408,0010g00001Z5M44AAF,8978,264,8.0,33.0
733,8981,778,744.0,1.0456989247311828,0017000001Vt0eiAAB,8981,111,4.0,27.75
734,8986,267,259.0,1.0308880308880308,0017000001CLYjMAAX,8986,51,1.0,51.0
735,8988,707,666.0,1.0615615615615615,0017000000ljwrQAAQ,8988,999,8.0,124.875
736,8990,4,4.0,1.0,0010g00001donQKAAY,8990,241,1.0,241.0
737,8994,2563,2350.0,1.0906382978723403,0017000000scLCWAA2,8994,565,8.0,70.625
738,8996,75,74.0,1.0135135135135136,0010g00001gLQ51AAG,8996,149,1.0,149.0
739,9001,287,266.0,1.0789473684210527,0010g00001dp6mJAAQ,9001,62,2.0,31.0
740,9004,1442,1356.0,1.0634218289085546,0010g00001Z5LnoAAF,9004,837,6.0,139.5
741,9010,1272,595.0,2.13781512605042,0017000000ndBLeAAM,9010,256,7.0,36.57142857142857
742,9013,5,4.0,1.25,0017000001RErolAAD,9013,5,1.0,5.0
743,9016,3652,3534.0,1.0333899264289756,0010g00001gCaXrAAK,9016,546,13.0,42.0
744,9025,883,716.0,1.2332402234636872,0010g00001hn5XTAAY,9025,100,12.0,8.333333333333334
745,9027,76,68.0,1.1176470588235294,0010g00001gCKHmAAO,9027,47,10.0,4.7
746,9031,2448,2124.0,1.152542372881356,0010g00001hn47sAAA,9031,153,12.0,12.75
747,9034,264,255.0,1.035294117647059,0010g00001bzkE5AAI,9034,538,8.0,67.25
748,9035,4,0.0,inf,00170000013ryykAAA,9035,41,4.0,10.25
749,9040,12,8.0,1.5,0010g00001Z5M8MAAV,9040,59,2.0,29.5
750,9046,2804,2714.0,1.0331613854089905,0017000001NVLegAAH,9046,80,8.0,10.0
751,9051,3366,3091.0,1.0889679715302492,0010g00001dnpL2AAI,9051,170,8.0,21.25
752,9053,14,11.0,1.2727272727272727,0017000000u3msyAAA,9053,630,2.0,315.0
753,9054,2,2.0,1.0,0017000000SbVL0AAN,9054,136,1.0,136.0
754,9060,1119,1072.0,1.0438432835820894,0010g00001hoHwPAAU,9060,23,6.0,3.8333333333333335
755,9062,19093,18622.0,1.0252926645902696,0010g00001Z5LgFAAV,9062,1386,17.0,81.52941176470588
756,9063,184,178.0,1.0337078651685394,0010g00001ZZMKlAAP,9063,799,4.0,199.75
757,9064,56,43.0,1.302325581395349,0010g00001gCXWNAA4,9064,4,2.0,2.0
758,9072,56,49.0,1.1428571428571428,0010g00001j3u9BAAQ,9072,34,3.0,11.333333333333334
759,9075,135,134.0,1.007462686567164,0010g00001Z5LcpAAF,9075,2,2.0,1.0
760,9076,1099,1062.0,1.0348399246704332,0017000000SbVLkAAN,9076,90,6.0,15.0
761,9078,14,14.0,1.0,0010g00001j4icTAAQ,9078,58,2.0,29.0
762,9080,328,247.0,1.3279352226720649,0010g00001hokwLAAQ,9080,69,5.0,13.8
763,9082,375,354.0,1.0593220338983051,0010g00001Z5LeUAAV,9082,418,5.0,83.6
764,9085,350,278.0,1.2589928057553956,0010g00001j56VVAAY,9085,205,10.0,20.5
765,9091,4318,4064.0,1.0625,0010g00001Z5M2nAAF,9091,503,17.0,29.58823529411765
766,9093,2,2.0,1.0,0010g00001hoMksAAE,9093,382,3.0,127.33333333333333
767,9100,10661,10091.0,1.0564859776038054,0017000001IUtz8AAD,9100,881,19.0,46.36842105263158
768,9102,348,339.0,1.0265486725663717,0017000000YvRMBAA3,9102,323,25.0,12.92
769,9103,2249,2182.0,1.0307057745187902,0010g00001j5zTYAAY,9103,817,7.0,116.71428571428571
770,93001,2,2.0,1.0,0017000001MVTZhAAP,93001,240,3.0,80.0
771,99010,1024,848.0,1.2075471698113207,0010g00001j6ndTAAQ,99010,1,2.0,0.5
